PID,keywords,mods.grants,mods.abstract,fgs.state,dc.title,dc.language,mods.sm_key_words,fgs.lastModifiedDate,mods.sm_collection,mods.language,mods.title,mods.sm_report_number,dc.subject,mods.sm_corporate_creator,rdf.isOpenAccess,mods.origin,dc.description,mods.raw_date,mods.sm_format,mods.sm_oclc_number,rdf.redirectsTo,mods.sm_geographical_coverage,mods.subject_topic,fgs.createdDate,mods.sm_ntl_classification,mods.sm_resource_type,mods.sm_edition,mods.sm_corporate_publisher,DS1.mimetype_txt_en,DS1.label_txt_en,DS1.filesize_tl,DS1.checksum_txt_en,mods.ss_publishyear,fgs.ownerId,rdf.isMemberOf,dc.identifier,mods.sm_creator,fgs.label,rdf.isPeerTo,mods.sm_digital_object_identifier,mods.ss_jobid,DS2.mimetype_txt_en,DS2.label_txt_en,DS2.filesize_tl,DS2.checksum_txt_en,DS2.sourceurl,dc.publisher,dc.format,dc.type,dc.creator,dc.coverage,DS1.sourceurl,mods.orcidId,mods.sm_contributor,dc.contributor,mods.alt_title,mods.note,mods.sm_corporate_contributor,DS_EXCEL.mimetype_txt_en,DS_EXCEL.label_txt_en,DS_EXCEL.filesize_tl,DS_EXCEL.checksum_txt_en,mods.sm_contracting_officer,DS3.mimetype_txt_en,DS3.label_txt_en,DS3.filesize_tl,DS3.checksum_txt_en,DS3.sourceurl,DS4.mimetype_txt_en,DS4.label_txt_en,DS4.filesize_tl,DS4.checksum_txt_en,DS4.sourceurl,mods.sm_alternate_url,mods.table_of_contents,rdf.underCategory,rdf.hasOrder,rdf.isCollection,rdf.categoryOrder,rdf.isFeaturedCollection,mods.sm_rights_statement,mods.related_series,DS_MS_NON_EXCEL.mimetype_txt_en,DS_MS_NON_EXCEL.label_txt_en,DS_MS_NON_EXCEL.filesize_tl,DS_MS_NON_EXCEL.checksum_txt_en,mods.sm_tris_online_accession_number,rdf.hasExternalLink,rdf.hasMoreDocuments,DS5.mimetype_txt_en,DS5.label_txt_en,DS5.filesize_tl,DS5.checksum_txt_en,DS5.sourceurl,DS10.mimetype_txt_en,DS10.label_txt_en,DS10.filesize_tl,DS10.checksum_txt_en,DS10.sourceurl,DS11.mimetype_txt_en,DS11.label_txt_en,DS11.filesize_tl,DS11.checksum_txt_en,DS11.sourceurl,DS12.mimetype_txt_en,DS12.label_txt_en,DS12.filesize_tl,DS12.checksum_txt_en,DS12.sourceurl,DS13.mimetype_txt_en,DS13.label_txt_en,DS13.filesize_tl,DS13.checksum_txt_en,DS13.sourceurl,DS14.mimetype_txt_en,DS14.label_txt_en,DS14.filesize_tl,DS14.checksum_txt_en,DS14.sourceurl,DS15.mimetype_txt_en,DS15.label_txt_en,DS15.filesize_tl,DS15.checksum_txt_en,DS15.sourceurl,DS16.mimetype_txt_en,DS16.label_txt_en,DS16.filesize_tl,DS16.checksum_txt_en,DS16.sourceurl,DS17.mimetype_txt_en,DS17.label_txt_en,DS17.filesize_tl,DS17.checksum_txt_en,DS17.sourceurl,DS18.mimetype_txt_en,DS18.label_txt_en,DS18.filesize_tl,DS18.checksum_txt_en,DS18.sourceurl,DS6.mimetype_txt_en,DS6.label_txt_en,DS6.filesize_tl,DS6.checksum_txt_en,DS6.sourceurl,DS7.mimetype_txt_en,DS7.label_txt_en,DS7.filesize_tl,DS7.checksum_txt_en,DS7.sourceurl,DS8.mimetype_txt_en,DS8.label_txt_en,DS8.filesize_tl,DS8.checksum_txt_en,DS8.sourceurl,DS9.mimetype_txt_en,DS9.label_txt_en,DS9.filesize_tl,DS9.checksum_txt_en,DS9.sourceurl,DS_MS_NON_EXCEL.sourceurl,rdf.isSpotlightChild,rdf.isSupersededBy,mods.sm_isbn,mods.sm_issn,mods.physical_description,mods.sm_copyright_date,mods.sm_publisher,rdf.isGRFeaturedChild,rdf.isFeatured,rdf.featuredType,rdf.inSpotlight,rdf.featuredUrl,rdf.isGRFeatured,dc.rights,rdf.featuredPosition,rdf.featuredPositionTemp,DS19.mimetype_txt_en,DS19.label_txt_en,DS19.filesize_tl,DS19.checksum_txt_en,DS19.sourceurl,DS20.mimetype_txt_en,DS20.label_txt_en,DS20.filesize_tl,DS20.checksum_txt_en,DS20.sourceurl,DS21.mimetype_txt_en,DS21.label_txt_en,DS21.filesize_tl,DS21.checksum_txt_en,DS21.sourceurl,DS22.mimetype_txt_en,DS22.label_txt_en,DS22.filesize_tl,DS22.checksum_txt_en,DS22.sourceurl,DS23.mimetype_txt_en,DS23.label_txt_en,DS23.filesize_tl,DS23.checksum_txt_en,DS23.sourceurl,DS24.mimetype_txt_en,DS24.label_txt_en,DS24.filesize_tl,DS24.checksum_txt_en,DS24.sourceurl,DS25.mimetype_txt_en,DS25.label_txt_en,DS25.filesize_tl,DS25.checksum_txt_en,DS25.sourceurl,DS26.mimetype_txt_en,DS26.label_txt_en,DS26.filesize_tl,DS26.checksum_txt_en,DS26.sourceurl,DS27.mimetype_txt_en,DS27.label_txt_en,DS27.filesize_tl,DS27.checksum_txt_en,DS27.sourceurl,DS28.mimetype_txt_en,DS28.label_txt_en,DS28.filesize_tl,DS28.checksum_txt_en,DS28.sourceurl,DS29.mimetype_txt_en,DS29.label_txt_en,DS29.filesize_tl,DS29.checksum_txt_en,DS29.sourceurl,DS30.mimetype_txt_en,DS30.label_txt_en,DS30.filesize_tl,DS30.checksum_txt_en,DS30.sourceurl,DS31.mimetype_txt_en,DS31.label_txt_en,DS31.filesize_tl,DS31.checksum_txt_en,DS31.sourceurl,DS32.mimetype_txt_en,DS32.label_txt_en,DS32.filesize_tl,DS32.checksum_txt_en,DS32.sourceurl,DS33.mimetype_txt_en,DS33.label_txt_en,DS33.filesize_tl,DS33.checksum_txt_en,DS33.sourceurl,DS34.mimetype_txt_en,DS34.label_txt_en,DS34.filesize_tl,DS34.checksum_txt_en,DS34.sourceurl,rdf.quickLinkUrl,rdf.isQuickLink,rdf.underSection,DS_EXCEL.sourceurl,mods.embargo_date,rdf.hasDataset,rdf.hasPublication,mods.ss_keyvalue,mods.sm_researchhub_id,dc.date,dc.source,dc.identifier.uri,dc.contributor.author,dc.contributor.collaborator,dc.coverage.spatial,dc.contributor.creator,dc.relation.isPartOf,dc.description.abstract,dc.rights.accessRights,dc.relation.isVersionOf,dc.contributor.consultant,dc.description.tableOfContents,dc.title.alternative,DS1.checksumsha256_txt_en,rdf.hasMultipleLanguage,DS2.checksumsha256_txt_en,DS3.checksumsha256_txt_en,DS4.checksumsha256_txt_en,DS5.checksumsha256_txt_en,DS6.checksumsha256_txt_en,DS7.checksumsha256_txt_en,mods.ss_hasQLOrder,DS_MS_NON_EXCEL.checksumsha256_txt_en,dc.relation.isReferencedBy,DS10.checksumsha256_txt_en,DS11.checksumsha256_txt_en,DS12.checksumsha256_txt_en,DS13.checksumsha256_txt_en,DS14.checksumsha256_txt_en,DS15.checksumsha256_txt_en,DS16.checksumsha256_txt_en,DS17.checksumsha256_txt_en,DS18.checksumsha256_txt_en,DS8.checksumsha256_txt_en,DS9.checksumsha256_txt_en
dot:74658,,,"Official Map of the Highway System of Texas [February 1\, 1937]",Active,"Official Map of the Highway System of Texas [February 15\, 1937]",English,"Maps,Visual presentations,Routes,Counties,Cities,Highway travel",2024-07-12T16:37:11.348Z,State Road Maps,English,"Official Map of the Highway System of Texas [February 15, 1937]",,"Maps,Visual presentations,Routes,Counties,Cities,Highway travel",Texas. State Highway Commission,true,"1937-02-15; \,",,1937-02-15,PDF,,,Texas,,2024-06-03T19:16:03.332Z,,Map,,Texas. State Highway Commission,application/pdf,HwyMap_TX_1937_0408.pdf,24093702,urn:sha256:59edf7be4f39fda21b3d9f2e86f8d077741e79436f2b74ae555d407e2680e381,1937,,dot:73449,,,,"dot:74649,dot:74650,dot:74651,dot:74652,dot:74653,dot:74654,dot:74655,dot:74656,dot:74657",,1861,,,,,,Texas. State Highway Commission,PDF,Map,,,https://ntlrepository.blob.core.windows.net/lib/91000/91200/91203/HwyMap_TX_1937_0408.pdf,,"Stene\, R.M.",,,"Scale: 1 inch equals 30 miles. ""Corrected to February 15th\, 1937."",This map was made accessible to the extent possible at the time of digitization. Contact fhwalibrary@dot.gov if you require further remediation to access this map.",,,,,,,,,,,,,,,,,,,,,,,,The attached digital files are the property of the Texas Department of Transportation. The files are being provided to you for your personal use. Any commercial use of such files requires written permission from the Texas Department of Transportation.,Texas Road Maps,,,,,,,,,,,,,,,,,,,,,,,,,,,,,,,,,,,,,,,,,,,,,,,,,,,,,,,,,,,,,,,,,,,,,,,,,,,,,,,,,,,,,,,,,,,,,,,,,,,,,,,,,,,,,,,,,,,,,,,,,,,,,,,,,,,,,,,,,,,,,,,,,,,,,,,,,,,,,,,,,,,,,,,,,,,,,,,,,,,,,,91203,,1937,,,,,,,,,,,,,,,,,,,,,,,,,,,,,,,,,,,
dot:74657,,,"Official Map of the Highway System of Texas: Centennial Edition [March 1\, 1936]",Active,"Official Map of the Highway System of Texas: Centennial Edition [March 1\, 1936]",English,"Maps,Visual presentations,Routes,Counties,Cities,Highway travel",2024-07-12T16:37:17.181Z,State Road Maps,English,"Official Map of the Highway System of Texas: Centennial Edition [March 1, 1936]",,"Maps,Visual presentations,Routes,Counties,Cities,Highway travel",Texas. State Highway Commission,true,"1936-03-01; \,",,1936-03-01,PDF,,,Texas,,2024-06-03T19:15:53.109Z,,Map,,Texas. State Highway Commission,application/pdf,HwyMap_TX_1936_0407.pdf,27403644,urn:sha256:61a400a22ee7f3729990132fe0988a0993fde79ab90cd047275397e22f6a6c11,1936,,dot:73449,,,,"dot:74649,dot:74650,dot:74651,dot:74652,dot:74653,dot:74654,dot:74655,dot:74656,dot:74658",,1861,,,,,,Texas. State Highway Commission,PDF,Map,,,https://ntlrepository.blob.core.windows.net/lib/91000/91200/91202/HwyMap_TX_1936_0407.pdf,,"Stene\, R.M.",,,Scale: 1 inch equals approximately 30 miles. This map was made accessible to the extent possible at the time of digitization. Contact fhwalibrary@dot.gov if you require further remediation to access this map.,,,,,,,,,,,,,,,,,,,,,,,,The attached digital files are the property of the Texas Department of Transportation. The files are being provided to you for your personal use. Any commercial use of such files requires written permission from the Texas Department of Transportation.,Texas Road Maps,,,,,,,,,,,,,,,,,,,,,,,,,,,,,,,,,,,,,,,,,,,,,,,,,,,,,,,,,,,,,,,,,,,,,,,,,,,,,,,,,,,,,,,,,,,,,,,,,,,,,,,,,,,,,,,,,,,,,,,,,,,,,,,,,,,,,,,,,,,,,,,,,,,,,,,,,,,,,,,,,,,,,,,,,,,,,,,,,,,,,,91202,,1936,,,,,,,,,,,,,,,,,,,,,,,,,,,,,,,,,,,
dot:74655,,,"Official Map of the Highway System of Texas [January 1\, 1934]",Active,"Official Map of the Highway System of Texas [January 1\, 1934]",English,"Maps,Visual presentations,Routes,Counties,Cities,Highway travel",2024-07-12T16:37:13.553Z,State Road Maps,English,"Official Map of the Highway System of Texas [January 1, 1934]",,"Maps,Visual presentations,Routes,Counties,Cities,Highway travel",Texas. State Highway Commission,true,"1934-01-01; \,",,1934-01-01,PDF,,,Texas,,2024-06-03T19:15:26.122Z,,Map,,Texas. State Highway Commission,application/pdf,HwyMap_TX_1934_0405.pdf,6412146,urn:sha256:b6e75d88cf71a0a8cc26471e1ef36f9c73a544e061d33a093dfed72679db1797,1934,,dot:73449,,,,"dot:74649,dot:74650,dot:74651,dot:74652,dot:74653,dot:74654,dot:74656,dot:74657,dot:74658",,1861,,,,,,Texas. State Highway Commission,PDF,Map,,,https://ntlrepository.blob.core.windows.net/lib/91000/91200/91200/HwyMap_TX_1934_0405.pdf,,"Stene\, R.M.",,,Scale: 1 inch equals 30 miles. This map was made accessible to the extent possible at the time of digitization. Contact fhwalibrary@dot.gov if you require further remediation to access this map.,,,,,,,,,,,,,,,,,,,,,,,,The attached digital files are the property of the Texas Department of Transportation. The files are being provided to you for your personal use. Any commercial use of such files requires written permission from the Texas Department of Transportation.,Texas Road Maps,,,,,,,,,,,,,,,,,,,,,,,,,,,,,,,,,,,,,,,,,,,,,,,,,,,,,,,,,,,,,,,,,,,,,,,,,,,,,,,,,,,,,,,,,,,,,,,,,,,,,,,,,,,,,,,,,,,,,,,,,,,,,,,,,,,,,,,,,,,,,,,,,,,,,,,,,,,,,,,,,,,,,,,,,,,,,,,,,,,,,,91200,,1934,,,,,,,,,,,,,,,,,,,,,,,,,,,,,,,,,,,
dot:74654,,,"Official Map of the Highway System of Texas [January 1\, 1932]",Active,"Official Map of the Highway System of Texas [January 1\, 1932]",English,"Maps,Visual presentations,Routes,Counties,Cities,Highway travel",2024-07-12T16:37:12.692Z,State Road Maps,English,"Official Map of the Highway System of Texas [January 1, 1932]",,"Maps,Visual presentations,Routes,Counties,Cities,Highway travel",Texas. State Highway Commission,true,"1932-01-01; \,",,1932-01-01,PDF,,,Texas,,2024-06-03T19:15:12.562Z,,Map,,Texas. State Highway Commission,application/pdf,HwyMap_TX_1932_0404.pdf,86638874,urn:sha256:316a019177f7ac57a1e56bb7fc7062842e10cba0742b079ce6c78b52bd389e35,1932,,dot:73449,,,,"dot:74649,dot:74650,dot:74651,dot:74652,dot:74653,dot:74655,dot:74656,dot:74657,dot:74658",,1861,,,,,,Texas. State Highway Commission,PDF,Map,,,https://ntlrepository.blob.core.windows.net/lib/91000/91100/91199/HwyMap_TX_1932_0404.pdf,,,,,Scale: 1 inch equal approximately 30 miles. This map was made accessible to the extent possible at the time of digitization. Contact fhwalibrary@dot.gov if you require further remediation to access this map.,,,,,,,,,,,,,,,,,,,,,,,,The attached digital files are the property of the Texas Department of Transportation. The files are being provided to you for your personal use. Any commercial use of such files requires written permission from the Texas Department of Transportation.,Texas Road Maps,,,,,,,,,,,,,,,,,,,,,,,,,,,,,,,,,,,,,,,,,,,,,,,,,,,,,,,,,,,,,,,,,,,,,,,,,,,,,,,,,,,,,,,,,,,,,,,,,,,,,,,,,,,,,,,,,,,,,,,,,,,,,,,,,,,,,,,,,,,,,,,,,,,,,,,,,,,,,,,,,,,,,,,,,,,,,,,,,,,,,,91199,,1932,,,,,,,,,,,,,,,,,,,,,,,,,,,,,,,,,,,
dot:74653,,,"Official Map of the Highway System of Texas [September 1\, 1931]",Active,"Official Map of the Highway System of Texas [September 1\, 1931]",English,"Maps,Visual presentations,Routes,Counties,Cities,Highway travel",2024-07-12T16:37:16.058Z,State Road Maps,English,"Official Map of the Highway System of Texas [September 1, 1931]",,"Maps,Visual presentations,Routes,Counties,Cities,Highway travel",Texas. State Highway Commission,true,"1931-09-01; \,",,1931-09-01,PDF,,,Texas,,2024-06-03T19:14:55.942Z,,Map,,Texas. State Highway Commission,application/pdf,HwyMap_TX_1931_0403.pdf,88822634,urn:sha256:3428f2749b518538a768c317e1ee15a914ebb945ed38118f8832e4fbe09b717a,1931,,dot:73449,,,,"dot:74649,dot:74650,dot:74651,dot:74652,dot:74654,dot:74655,dot:74656,dot:74657,dot:74658",,1861,,,,,,Texas. State Highway Commission,PDF,Map,,,https://ntlrepository.blob.core.windows.net/lib/91000/91100/91198/HwyMap_TX_1931_0403.pdf,,,,,Scale: 1 inch equals 32 miles. This map was made accessible to the extent possible at the time of digitization. Contact fhwalibrary@dot.gov if you require further remediation to access this map.,,,,,,,,,,,,,,,,,,,,,,,,The attached digital files are the property of the Texas Department of Transportation. The files are being provided to you for your personal use. Any commercial use of such files requires written permission from the Texas Department of Transportation.,Texas Road Maps,,,,,,,,,,,,,,,,,,,,,,,,,,,,,,,,,,,,,,,,,,,,,,,,,,,,,,,,,,,,,,,,,,,,,,,,,,,,,,,,,,,,,,,,,,,,,,,,,,,,,,,,,,,,,,,,,,,,,,,,,,,,,,,,,,,,,,,,,,,,,,,,,,,,,,,,,,,,,,,,,,,,,,,,,,,,,,,,,,,,,,91198,,1931,,,,,,,,,,,,,,,,,,,,,,,,,,,,,,,,,,,
dot:74652,,,"Official Map of the Highway System of Texas [September 1\, 1930]",Active,"Official Map of the Highway System of Texas [September 1\, 1930]",English,"Maps,Visual presentations,Routes,Counties,Cities,Highway travel",2024-07-12T16:37:15.214Z,State Road Maps,English,"Official Map of the Highway System of Texas [September 1, 1930]",,"Maps,Visual presentations,Routes,Counties,Cities,Highway travel",Texas. State Highway Commission,true,"1930-09-01; \,",,1930-09-01,PDF,,,Texas,,2024-06-03T19:14:38.010Z,,Map,,Texas. State Highway Commission,application/pdf,HwyMap_TX_1930_0402.pdf,75610124,urn:sha256:9c262f444b4b293a0ff3e5f65430af7fbe58384418904b4bd5d138d75e9eec41,1930,,dot:73449,,,,"dot:74649,dot:74650,dot:74651,dot:74653,dot:74654,dot:74655,dot:74656,dot:74657,dot:74658",,1861,,,,,,Texas. State Highway Commission,PDF,Map,,,https://ntlrepository.blob.core.windows.net/lib/91000/91100/91197/HwyMap_TX_1930_0402.pdf,,,,,Scale: 1 inch equals 34 miles. This map was made accessible to the extent possible at the time of digitization. Contact fhwalibrary@dot.gov if you require further remediation to access this map.,,,,,,,,,,,,,,,,,,,,,,,,The attached digital files are the property of the Texas Department of Transportation. The files are being provided to you for your personal use. Any commercial use of such files requires written permission from the Texas Department of Transportation.,Texas Road Maps,,,,,,,,,,,,,,,,,,,,,,,,,,,,,,,,,,,,,,,,,,,,,,,,,,,,,,,,,,,,,,,,,,,,,,,,,,,,,,,,,,,,,,,,,,,,,,,,,,,,,,,,,,,,,,,,,,,,,,,,,,,,,,,,,,,,,,,,,,,,,,,,,,,,,,,,,,,,,,,,,,,,,,,,,,,,,,,,,,,,,,91197,,1930,,,,,,,,,,,,,,,,,,,,,,,,,,,,,,,,,,,
dot:74651,,,"Official Map of the Highway System of Texas [July 1\, 1930]",Active,"Official Map of the Highway System of Texas [July 1\, 1930]",English,"Maps,Visual presentations,Routes,Counties,Cities,Highway travel",2024-07-12T16:37:14.412Z,State Road Maps,English,"Official Map of the Highway System of Texas [July 1, 1930]",,"Maps,Visual presentations,Routes,Counties,Cities,Highway travel",Texas. State Highway Commission,true,"1930-07-01; \,",,1930-07-01,PDF,,,Texas,,2024-06-03T19:14:19.355Z,,Map,,Texas. State Highway Commission,application/pdf,HwyMap_TX_1930_0401.pdf,116326333,urn:sha256:6a63b6e74d46bcdeb0e9b9d6d87e2c4c089682d1086aacb0c7ae7dc754078dc3,1930,,dot:73449,,,,"dot:74649,dot:74650,dot:74652,dot:74653,dot:74654,dot:74655,dot:74656,dot:74657,dot:74658",,1861,,,,,,Texas. State Highway Commission,PDF,Map,,,https://ntlrepository.blob.core.windows.net/lib/91000/91100/91196/HwyMap_TX_1930_0401.pdf,,,,,Scale: 1 inch equals 28 miles. This map was made accessible to the extent possible at the time of digitization. Contact fhwalibrary@dot.gov if you require further remediation to access this map.,,,,,,,,,,,,,,,,,,,,,,,,The attached digital files are the property of the Texas Department of Transportation. The files are being provided to you for your personal use. Any commercial use of such files requires written permission from the Texas Department of Transportation.,Texas Road Maps,,,,,,,,,,,,,,,,,,,,,,,,,,,,,,,,,,,,,,,,,,,,,,,,,,,,,,,,,,,,,,,,,,,,,,,,,,,,,,,,,,,,,,,,,,,,,,,,,,,,,,,,,,,,,,,,,,,,,,,,,,,,,,,,,,,,,,,,,,,,,,,,,,,,,,,,,,,,,,,,,,,,,,,,,,,,,,,,,,,,,,91196,,1930,,,,,,,,,,,,,,,,,,,,,,,,,,,,,,,,,,,
dot:74650,,,"State Highway System of Texas Showing Condition of Improvement [February 1\, 1928]",Active,"State Highway System of Texas Showing Condition of Improvement [February 1\, 1928]",English,"Maps,Visual presentations,Routes,Counties,Cities,Highway travel",2024-07-12T16:38:32.562Z,State Road Maps,English,"State Highway System of Texas Showing Condition of Improvement [February 1, 1928]",,"Maps,Visual presentations,Routes,Counties,Cities,Highway travel",Texas. State Highway Commission,true,"1928-02-01; \,",,1928-02-01,PDF,,,Texas,,2024-06-03T19:13:49.993Z,,Map,,Texas. State Highway Commission,application/pdf,HwyMap_TX_1928_1536.pdf,306199086,urn:sha256:043adffee96b52af5bcce4e9549ecc5d2c02f8fc6aae5faf7a008b8942debd6a,1928,,dot:73449,,,,"dot:74649,dot:74651,dot:74652,dot:74653,dot:74654,dot:74655,dot:74656,dot:74657,dot:74658",,1861,,,,,,Texas. State Highway Commission,PDF,Map,,,https://ntlrepository.blob.core.windows.net/lib/91000/91100/91195/HwyMap_TX_1928_1536.pdf,,,,,Scale: 1 inch equals 35 miles. This map was made accessible to the extent possible at the time of digitization. Contact fhwalibrary@dot.gov if you require further remediation to access this map.,,,,,,,,,,,,,,,,,,,,,,,,The attached digital files are the property of the Texas Department of Transportation. The files are being provided to you for your personal use. Any commercial use of such files requires written permission from the Texas Department of Transportation.,Texas Road Maps,,,,,,,,,,,,,,,,,,,,,,,,,,,,,,,,,,,,,,,,,,,,,,,,,,,,,,,,,,,,,,,,,,,,,,,,,,,,,,,,,,,,,,,,,,,,,,,,,,,,,,,,,,,,,,,,,,,,,,,,,,,,,,,,,,,,,,,,,,,,,,,,,,,,,,,,,,,,,,,,,,,,,,,,,,,,,,,,,,,,,,91195,,1928,,,,,,,,,,,,,,,,,,,,,,,,,,,,,,,,,,,
dot:74649,,,"Highway Map of the State of Texas [September 19\, 1922]",Active,"Highway Map of the State of Texas [September 19\, 1922]",English,"Maps,Visual presentations,Routes,Counties,Cities,Highway travel",2024-07-12T16:36:14.809Z,State Road Maps,English,"Highway Map of the State of Texas [September 19, 1922]",,"Maps,Visual presentations,Routes,Counties,Cities,Highway travel",Texas. State Highway Commission,true,"1922-09-19; \,",,1922-09-19,PDF,,,Texas,,2024-06-03T19:13:04.160Z,,Map,,Texas. State Highway Commission,application/pdf,HwyMap_TX_1922_0400.pdf,180853624,urn:sha256:f2b2036578f2770f4b6f7729ec59c5e9ae32e03fbe05f2147d4e7b0222085b87,1922,,dot:73449,,,,"dot:74650,dot:74651,dot:74652,dot:74653,dot:74654,dot:74655,dot:74656,dot:74657,dot:74658",,1861,,,,,,Texas. State Highway Commission,PDF,Map,,,https://ntlrepository.blob.core.windows.net/lib/91000/91100/91194/HwyMap_TX_1922_0400.pdf,,,,,Scale: 1 inch equals 20 miles. This map was made accessible to the extent possible at the time of digitization. Contact fhwalibrary@dot.gov if you require further remediation to access this map.,,,,,,,,,,,,,,,,,,,,,,,,The attached digital files are the property of the Texas Department of Transportation. The files are being provided to you for your personal use. Any commercial use of such files requires written permission from the Texas Department of Transportation.,Texas Road Maps,,,,,,,,,,,,,,,,,,,,,,,,,,,,,,,,,,,,,,,,,,,,,,,,,,,,,,,,,,,,,,,,,,,,,,,,,,,,,,,,,,,,,,,,,,,,,,,,,,,,,,,,,,,,,,,,,,,,,,,,,,,,,,,,,,,,,,,,,,,,,,,,,,,,,,,,,,,,,,,,,,,,,,,,,,,,,,,,,,,,,,91194,,1922,,,,,,,,,,,,,,,,,,,,,,,,,,,,,,,,,,,
dot:74656,,,"Map of the Federal Aid Highway System of Texas [October 1\, 1936]",Active,"Map of the Federal Aid Highway System of Texas [October 1\, 1936]",English,"Maps,Visual presentations,Routes,Counties,Cities,Highway travel",2024-07-12T16:37:02.104Z,State Road Maps,English,"Map of the Federal Aid Highway System of Texas [October 1, 1936]",,"Maps,Visual presentations,Routes,Counties,Cities,Highway travel",Texas. State Highway Commission,true,"1936-10-01; \,",,1936-10-01,PDF,,,Texas,,2024-06-03T19:15:37.044Z,,Map,,Texas. State Highway Commission,application/pdf,HwyMap_TX_1936_0406.pdf,95791283,urn:sha256:a26f14fb475397d2fd7fd26746919db67b31edc14ae6751fe56d0a452f232363,1936,,dot:73449,,,,"dot:74649,dot:74650,dot:74651,dot:74652,dot:74653,dot:74654,dot:74655,dot:74657,dot:74658",,1861,,,,,,Texas. State Highway Commission,PDF,Map,,,https://ntlrepository.blob.core.windows.net/lib/91000/91200/91201/HwyMap_TX_1936_0406.pdf,,"Stene\, R.M.",,,This map was made accessible to the extent possible at the time of digitization. Contact fhwalibrary@dot.gov if you require further remediation to access this map.,,,,,,,,,,,,,,,,,,,,,,,,The attached digital files are the property of the Texas Department of Transportation. The files are being provided to you for your personal use. Any commercial use of such files requires written permission from the Texas Department of Transportation.,Texas Road Maps,,,,,,,,,,,,,,,,,,,,,,,,,,,,,,,,,,,,,,,,,,,,,,,,,,,,,,,,,,,,,,,,,,,,,,,,,,,,,,,,,,,,,,,,,,,,,,,,,,,,,,,,,,,,,,,,,,,,,,,,,,,,,,,,,,,,,,,,,,,,,,,,,,,,,,,,,,,,,,,,,,,,,,,,,,,,,,,,,,,,,,91201,,1936,,,,,,,,,,,,,,,,,,,,,,,,,,,,,,,,,,,
dot:75520,,,"Texas Highway Department Official Map [February 15\, 1947]",Active,"Texas Highway Department Official Map [February 15\, 1947]",English,"Maps,Visual presentations,Routes,Counties,Cities,Highway travel",2025-01-21T16:38:54.752Z,State Road Maps,English,"Texas Highway Department Official Map [February 15, 1947]",,"Maps,Visual presentations,Routes,Counties,Cities,Highway travel",Texas. Highway Department,true,"1947-02-15; \,",,1947-02-15,PDF,,,Texas,,2024-07-08T14:17:58.085Z,,Map,,Texas. Highway Department,application/pdf,HwyMap_TX_1947_0414.pdf,200945799,urn:sha-512:8a38db1a5083ff220949d1acbb3dbc75de5f040df4c19617400c2e810ff04894460076ca6415fd56d478edd0945bd24434b9dff62ef682ea85b23748b23b21ec,1947,,dot:73449,,,,"dot:75518,dot:75519,dot:75521,dot:75522,dot:75523,dot:75524,dot:75525,dot:75526,dot:75527,dot:75528,dot:75529,dot:75530,dot:75531,dot:75532,dot:75533,dot:75534,dot:75535,dot:75536,dot:75537,dot:75538,dot:75539,dot:75540,dot:75541,dot:75542,dot:75543,dot:75544,dot:75546,dot:75547,dot:75548,dot:75549,dot:75550,dot:75551,dot:75552,dot:75553,dot:75554,dot:75555,dot:75556",,1895,,,,,,Texas. Highway Department,PDF,Map,,,https://ntlrepository.blob.core.windows.net/lib/91000/91200/91212/HwyMap_TX_1947_0414.pdf,,,,Texas: Official Highway Map,"Scale: 1 inch equals 30 miles. ""Corrected to February 15th\, 1947."",This map was made accessible to the extent possible at the time of digitization. Contact fhwalibrary@dot.gov if you require further remediation to access this map.",,,,,,,,,,,,,,,,,,,,,,,,The attached digital files are the property of the Texas Department of Transportation. The files are being provided to you for your personal use. Any commercial use of such files requires written permission from the Texas Department of Transportation.,Texas Road Maps,,,,,,,,,,,,,,,,,,,,,,,,,,,,,,,,,,,,,,,,,,,,,,,,,,,,,,,,,,,,,,,,,,,,,,,,,,,,,,,,,,,,,,,,,,,,,,,,,,,,,,,,,,,,,,,,,,,,,,,,,,,,,,,,,,,,,,,,,,,,,,,,,,,,,,,,,,,,,,,,,,,,,,,,,,,,,,,,,,,,,,91212,,1947,,https://rosap.ntl.bts.gov/view/dot/75520,,,Texas,Texas. Highway Department,"State Road Maps,Texas Road Maps","Texas Highway Department Official Map [February 15\, 1947]",The attached digital files are the property of the Texas Department of Transportation. The files are being provided to you for your personal use.  Any commercial use of such files requires written permission from the Texas Department of Transportation.,,,"Scale: 1 inch equals 30 miles.   ""Corrected to February 15th\, 1947."",This map was made accessible to the extent possible at the time of digitization. Contact fhwalibrary@dot.gov if you require further remediation to access this map.",Texas: Official Highway Map,urn:sha256:9be01feead196bb418211156ba7f462416251559bb048649a0d6555d314fe87e,,,,,,,,,,,,,,,,,,,,,
dot:75521,,,"Texas Highway Department Official Map [January 1\, 1948]",Active,"Texas Highway Department Official Map [January 1\, 1948]",English,"Maps,Visual presentations,Routes,Counties,Cities,Highway travel",2025-01-21T16:38:54.950Z,State Road Maps,English,"Texas Highway Department Official Map [January 1, 1948]",,"Maps,Visual presentations,Routes,Counties,Cities,Highway travel",Texas. Highway Department,true,"1948-01-01; \,",,1948-01-01,PDF,,,Texas,,2024-07-08T14:18:48.291Z,,Map,,Texas. Highway Department,application/pdf,HwyMap_TX_1948_0415.pdf,196052604,urn:sha-512:f39ccfb022ca68b7caba889db130fb20ec38d3660975853378bc054fce83f2c14b0574d1412474478edd8a5242c62ab1fc3b76915bfe0e1ce69d556f5dae2dec,1948,,dot:73449,,,,"dot:75518,dot:75519,dot:75520,dot:75522,dot:75523,dot:75524,dot:75525,dot:75526,dot:75527,dot:75528,dot:75529,dot:75530,dot:75531,dot:75532,dot:75533,dot:75534,dot:75535,dot:75536,dot:75537,dot:75538,dot:75539,dot:75540,dot:75541,dot:75542,dot:75543,dot:75544,dot:75546,dot:75547,dot:75548,dot:75549,dot:75550,dot:75551,dot:75552,dot:75553,dot:75554,dot:75555,dot:75556",,1895,,,,,,Texas. Highway Department,PDF,Map,,,https://ntlrepository.blob.core.windows.net/lib/91000/91200/91213/HwyMap_TX_1948_0415.pdf,,,,Texas: Official Highway Map,"Scale: 1 inch equals 30 miles. ""Corrected to January 1st\, 1948."",This map was made accessible to the extent possible at the time of digitization. Contact fhwalibrary@dot.gov if you require further remediation to access this map.",,,,,,,,,,,,,,,,,,,,,,,,The attached digital files are the property of the Texas Department of Transportation. The files are being provided to you for your personal use. Any commercial use of such files requires written permission from the Texas Department of Transportation.,Texas Road Maps,,,,,,,,,,,,,,,,,,,,,,,,,,,,,,,,,,,,,,,,,,,,,,,,,,,,,,,,,,,,,,,,,,,,,,,,,,,,,,,,,,,,,,,,,,,,,,,,,,,,,,,,,,,,,,,,,,,,,,,,,,,,,,,,,,,,,,,,,,,,,,,,,,,,,,,,,,,,,,,,,,,,,,,,,,,,,,,,,,,,,,91213,,1948,,https://rosap.ntl.bts.gov/view/dot/75521,,,Texas,Texas. Highway Department,"State Road Maps,Texas Road Maps","Texas Highway Department Official Map [January 1\, 1948]",The attached digital files are the property of the Texas Department of Transportation. The files are being provided to you for your personal use.  Any commercial use of such files requires written permission from the Texas Department of Transportation.,,,"Scale: 1 inch equals 30 miles.    ""Corrected to January 1st\, 1948."",This map was made accessible to the extent possible at the time of digitization. Contact fhwalibrary@dot.gov if you require further remediation to access this map.",Texas: Official Highway Map,urn:sha256:d7a22baf41e57eb2d009b75b46a93f439f435e621ac01576546b433c9d470f7a,,,,,,,,,,,,,,,,,,,,,
dot:75519,,,"Texas Highway Department Official Map [February 1\, 1946]",Active,"Texas Highway Department Official Map [February 1\, 1946]",English,"Maps,Visual presentations,Routes,Counties,Cities,Highway travel",2025-01-21T16:38:54.577Z,State Road Maps,English,"Texas Highway Department Official Map [February 1, 1946]",,"Maps,Visual presentations,Routes,Counties,Cities,Highway travel",Texas. Highway Department,true,"1946-02-01; \,",,1946-02-01,PDF,,,Texas,,2024-07-08T14:17:05.130Z,,Map,,Texas. Highway Department,application/pdf,HwyMap_TX_1946_1539.pdf,33850340,urn:sha-512:13f56158516754df9d655323cf6f9995ba8d230eca4614a12a474110403d049d914d22de57c73507c8cf8e67f447c47d64f871a17cadfbeee64ee68ec3594901,1946,,dot:73449,,,,"dot:75518,dot:75520,dot:75521,dot:75522,dot:75523,dot:75524,dot:75525,dot:75526,dot:75527,dot:75528,dot:75529,dot:75530,dot:75531,dot:75532,dot:75533,dot:75534,dot:75535,dot:75536,dot:75537,dot:75538,dot:75539,dot:75540,dot:75541,dot:75542,dot:75543,dot:75544,dot:75546,dot:75547,dot:75548,dot:75549,dot:75550,dot:75551,dot:75552,dot:75553,dot:75554,dot:75555,dot:75556",,1895,,,,,,Texas. Highway Department,PDF,Map,,,https://ntlrepository.blob.core.windows.net/lib/91000/91200/91211/HwyMap_TX_1946_1539.pdf,,,,,"Scale: 1 inch equals 31 miles. ""Corrected to February 1st\, 1946."",This map was made accessible to the extent possible at the time of digitization. Contact fhwalibrary@dot.gov if you require further remediation to access this map.",,,,,,,,,,,,,,,,,,,,,,,,The attached digital files are the property of the Texas Department of Transportation. The files are being provided to you for your personal use. Any commercial use of such files requires written permission from the Texas Department of Transportation.,Texas Road Maps,,,,,,,,,,,,,,,,,,,,,,,,,,,,,,,,,,,,,,,,,,,,,,,,,,,,,,,,,,,,,,,,,,,,,,,,,,,,,,,,,,,,,,,,,,,,,,,,,,,,,,,,,,,,,,,,,,,,,,,,,,,,,,,,,,,,,,,,,,,,,,,,,,,,,,,,,,,,,,,,,,,,,,,,,,,,,,,,,,,,,,91211,,1946,,https://rosap.ntl.bts.gov/view/dot/75519,,,Texas,Texas. Highway Department,"State Road Maps,Texas Road Maps","Texas Highway Department Official Map [February 1\, 1946]",The attached digital files are the property of the Texas Department of Transportation. The files are being provided to you for your personal use.  Any commercial use of such files requires written permission from the Texas Department of Transportation.,,,"Scale: 1 inch equals 31 miles.    ""Corrected to February 1st\, 1946."",This map was made accessible to the extent possible at the time of digitization. Contact fhwalibrary@dot.gov if you require further remediation to access this map.",,urn:sha256:02db564a56602e5a0ccbd559429a10ae71f024e04ffc742bdccac995b6c4e16a,,,,,,,,,,,,,,,,,,,,,
dot:75518,,,"Temporary Travel Map Issued for the Duration of the Present Emergency [April 1\, 1944]",Active,"Temporary Travel Map Issued for the Duration of the Present Emergency [April 1\, 1944]",English,"Maps,Visual presentations,Routes,Counties,Cities,Highway travel",2025-01-21T16:38:54.383Z,State Road Maps,English,"Temporary Travel Map Issued for the Duration of the Present Emergency [April 1, 1944]",,"Maps,Visual presentations,Routes,Counties,Cities,Highway travel",Texas. Highway Department,true,"1944-04-01; \,",,1944-04-01,PDF,,,Texas,,2024-07-08T14:16:28.737Z,,Map,,Texas. Highway Department,application/pdf,HwyMap_TX_1944_1537.pdf,328341155,urn:sha-512:ea8a89e14db24512464a7f3284002021482015839990c39c0748d1dfabb08590bdc3f3066074282e32e238e1a70ae58cf8c8fcc1375d58a8021f6078ea0d8af0,1944,,dot:73449,,,,"dot:75519,dot:75520,dot:75521,dot:75522,dot:75523,dot:75524,dot:75525,dot:75526,dot:75527,dot:75528,dot:75529,dot:75530,dot:75531,dot:75532,dot:75533,dot:75534,dot:75535,dot:75536,dot:75537,dot:75538,dot:75539,dot:75540,dot:75541,dot:75542,dot:75543,dot:75544,dot:75546,dot:75547,dot:75548,dot:75549,dot:75550,dot:75551,dot:75552,dot:75553,dot:75554,dot:75555,dot:75556",,1895,,,,,,Texas. Highway Department,PDF,Map,,,https://ntlrepository.blob.core.windows.net/lib/91000/91200/91209/HwyMap_TX_1944_1537.pdf,,,,,"Scale: 1 inch equals 30 miles. ""Corrected to July 1st\, 1944."",This map was made accessible to the extent possible at the time of digitization. Contact fhwalibrary@dot.gov if you require further remediation to access this map.",,,,,,,,,,,,,,,,,,,,,,,,The attached digital files are the property of the Texas Department of Transportation. The files are being provided to you for your personal use. Any commercial use of such files requires written permission from the Texas Department of Transportation.,Texas Road Maps,,,,,,,,,,,,,,,,,,,,,,,,,,,,,,,,,,,,,,,,,,,,,,,,,,,,,,,,,,,,,,,,,,,,,,,,,,,,,,,,,,,,,,,,,,,,,,,,,,,,,,,,,,,,,,,,,,,,,,,,,,,,,,,,,,,,,,,,,,,,,,,,,,,,,,,,,,,,,,,,,,,,,,,,,,,,,,,,,,,,,,91209,,1944,,https://rosap.ntl.bts.gov/view/dot/75518,,,Texas,Texas. Highway Department,"State Road Maps,Texas Road Maps","Temporary Travel Map Issued for the Duration of the Present Emergency [April 1\, 1944]",The attached digital files are the property of the Texas Department of Transportation. The files are being provided to you for your personal use.  Any commercial use of such files requires written permission from the Texas Department of Transportation.,,,"Scale: 1 inch equals 30 miles.     ""Corrected to July 1st\, 1944."",This map was made accessible to the extent possible at the time of digitization. Contact fhwalibrary@dot.gov if you require further remediation to access this map.",,urn:sha256:d21ae2266571e4b3a77a4a101fcf0d8d4b31c635c59be72be69d9e3ec58569a4,,,,,,,,,,,,,,,,,,,,,
dot:75522,,,"Texas Highway Department Official Map [September 1\, 1945]",Active,"Texas Highway Department Official Map [September 1\, 1945]",English,"Maps,Visual presentations,Routes,Counties,Cities,Highway travel",2025-01-21T16:38:55.155Z,State Road Maps,English,"Texas Highway Department Official Map [September 1, 1945]",,"Maps,Visual presentations,Routes,Counties,Cities,Highway travel",Texas. Highway Department,true,"1945-09-01; \,",,1945-09-01,PDF,,,Texas,,2024-07-08T14:20:10.492Z,,Map,,Texas. Highway Department,application/pdf,HwyMap_TX_1945_1538.pdf,390828883,urn:sha-512:d5c90e249c0c2903d450ad4ebf1425a57227aec38f53453555ad415a3e95efe22e2bc4e67db1b68aef9d7a3462f1cfeb57982a71a1e26cc63b6880ec6ae44c80,1945,,dot:73449,,,,"dot:75518,dot:75519,dot:75520,dot:75521,dot:75523,dot:75524,dot:75525,dot:75526,dot:75527,dot:75528,dot:75529,dot:75530,dot:75531,dot:75532,dot:75533,dot:75534,dot:75535,dot:75536,dot:75537,dot:75538,dot:75539,dot:75540,dot:75541,dot:75542,dot:75543,dot:75544,dot:75546,dot:75547,dot:75548,dot:75549,dot:75550,dot:75551,dot:75552,dot:75553,dot:75554,dot:75555,dot:75556",,1895,,,,,,Texas. Highway Department,PDF,Map,,,https://ntlrepository.blob.core.windows.net/lib/91000/91200/91210/HwyMap_TX_1945_1538.pdf,,,,,"Scale: 1 inch equals 31 miles. ""Corrected to September 1st\, 1945."",This map was made accessible to the extent possible at the time of digitization. Contact fhwalibrary@dot.gov if you require further remediation to access this map.",,,,,,,,,,,,,,,,,,,,,,,,The attached digital files are the property of the Texas Department of Transportation. The files are being provided to you for your personal use. Any commercial use of such files requires written permission from the Texas Department of Transportation.,Texas Road Maps,,,,,,,,,,,,,,,,,,,,,,,,,,,,,,,,,,,,,,,,,,,,,,,,,,,,,,,,,,,,,,,,,,,,,,,,,,,,,,,,,,,,,,,,,,,,,,,,,,,,,,,,,,,,,,,,,,,,,,,,,,,,,,,,,,,,,,,,,,,,,,,,,,,,,,,,,,,,,,,,,,,,,,,,,,,,,,,,,,,,,,91210,,1945,,https://rosap.ntl.bts.gov/view/dot/75522,,,Texas,Texas. Highway Department,"State Road Maps,Texas Road Maps","Texas Highway Department Official Map [September 1\, 1945]",The attached digital files are the property of the Texas Department of Transportation. The files are being provided to you for your personal use.  Any commercial use of such files requires written permission from the Texas Department of Transportation.,,,"Scale: 1 inch equals 31 miles.     ""Corrected to September 1st\, 1945."",This map was made accessible to the extent possible at the time of digitization. Contact fhwalibrary@dot.gov if you require further remediation to access this map.",,urn:sha256:207e41e4a06c6737207a3e16e94d00513d978e8c6cad48b193be0bc024d9c0a3,,,,,,,,,,,,,,,,,,,,,
dot:75527,,,"Texas Highway Map: 1942 Winter Edition [January 1\, 1942]",Active,"Texas Highway Map: 1942 Winter Edition [January 1\, 1942]",English,"Maps,Visual presentations,Routes,Counties,Cities,Highway travel",2025-01-21T16:38:56.159Z,State Road Maps,English,"Texas Highway Map: 1942 Winter Edition [January 1, 1942]",,"Maps,Visual presentations,Routes,Counties,Cities,Highway travel",Texas. Highway Department,true,"1942-01-01; \,",,1942-01-01,PDF,,,Texas,,2024-07-08T14:21:29.903Z,,Map,,Texas. Highway Department,application/pdf,HwyMap_TX_1942_0412.pdf,23124232,urn:sha-512:7f2218549ef3a9a8f3b894763a8d71b83602e683291878a225b185bf711e62b0897f45152e6474d626f8bd27d5ea0b0141989a8dac0332aa88842f8da8be83f4,1942,,dot:73449,,,,"dot:75518,dot:75519,dot:75520,dot:75521,dot:75522,dot:75523,dot:75524,dot:75525,dot:75526,dot:75528,dot:75529,dot:75530,dot:75531,dot:75532,dot:75533,dot:75534,dot:75535,dot:75536,dot:75537,dot:75538,dot:75539,dot:75540,dot:75541,dot:75542,dot:75543,dot:75544,dot:75546,dot:75547,dot:75548,dot:75549,dot:75550,dot:75551,dot:75552,dot:75553,dot:75554,dot:75555,dot:75556",,1895,,,,,,Texas. Highway Department,PDF,Map,,,https://ntlrepository.blob.core.windows.net/lib/91000/91200/91207/HwyMap_TX_1942_0412.pdf,,,,,"Scale: 1 inch equals 30 miles. ""Corrected to January 1st\, 1942."",This map was made accessible to the extent possible at the time of digitization. Contact fhwalibrary@dot.gov if you require further remediation to access this map.",,,,,,,,,,,,,,,,,,,,,,,,The attached digital files are the property of the Texas Department of Transportation. The files are being provided to you for your personal use. Any commercial use of such files requires written permission from the Texas Department of Transportation.,Texas Road Maps,,,,,,,,,,,,,,,,,,,,,,,,,,,,,,,,,,,,,,,,,,,,,,,,,,,,,,,,,,,,,,,,,,,,,,,,,,,,,,,,,,,,,,,,,,,,,,,,,,,,,,,,,,,,,,,,,,,,,,,,,,,,,,,,,,,,,,,,,,,,,,,,,,,,,,,,,,,,,,,,,,,,,,,,,,,,,,,,,,,,,,91207,,1942,,https://rosap.ntl.bts.gov/view/dot/75527,,,Texas,Texas. Highway Department,"State Road Maps,Texas Road Maps","Texas Highway Map: 1942 Winter Edition [January 1\, 1942]",The attached digital files are the property of the Texas Department of Transportation. The files are being provided to you for your personal use.  Any commercial use of such files requires written permission from the Texas Department of Transportation.,,,"Scale: 1 inch equals 30 miles.     ""Corrected to January 1st\, 1942."",This map was made accessible to the extent possible at the time of digitization. Contact fhwalibrary@dot.gov if you require further remediation to access this map.",,urn:sha256:8e1530ccb874a93f06a1a045bd148c6c26b934a234a2a775947490b53a8731c0,,,,,,,,,,,,,,,,,,,,,
dot:75524,,,"Texas Highway Map: 1940 Spring Edition [February 15\, 1940]",Active,"Texas Highway Map: 1940 Spring Edition [February 15\, 1940]",English,"Maps,Visual presentations,Routes,Counties,Cities,Highway travel",2025-01-21T16:38:55.564Z,State Road Maps,English,"Texas Highway Map: 1940 Spring Edition [February 15, 1940]",,"Maps,Visual presentations,Routes,Counties,Cities,Highway travel",Texas. Highway Department,true,"1940-02-15; \,",,1940-02-15,PDF,,,Texas,,2024-07-08T14:20:57.327Z,,Map,,Texas. Highway Department,application/pdf,HwyMap_TX_1940_0410.pdf,24582530,urn:sha-512:ed2def0139ea2fa36239469971f1ca64e1b94aa45cdf731393a3c1fb46f33af9a1663211d13deb86682588a437b12159303b0f82a95f2a4395686bc3edb9be1a,1940,,dot:73449,,,,"dot:75518,dot:75519,dot:75520,dot:75521,dot:75522,dot:75523,dot:75525,dot:75526,dot:75527,dot:75528,dot:75529,dot:75530,dot:75531,dot:75532,dot:75533,dot:75534,dot:75535,dot:75536,dot:75537,dot:75538,dot:75539,dot:75540,dot:75541,dot:75542,dot:75543,dot:75544,dot:75546,dot:75547,dot:75548,dot:75549,dot:75550,dot:75551,dot:75552,dot:75553,dot:75554,dot:75555,dot:75556",,1895,,,,,,Texas. Highway Department,PDF,Map,,,https://ntlrepository.blob.core.windows.net/lib/91000/91200/91205/HwyMap_TX_1940_0410.pdf,,,,,"Scale: 1 inch equals 32 miles. ""Corrected to February 15th\, 1940."",This map was made accessible to the extent possible at the time of digitization. Contact fhwalibrary@dot.gov if you require further remediation to access this map.",,,,,,,,,,,,,,,,,,,,,,,,The attached digital files are the property of the Texas Department of Transportation. The files are being provided to you for your personal use. Any commercial use of such files requires written permission from the Texas Department of Transportation.,Texas Road Maps,,,,,,,,,,,,,,,,,,,,,,,,,,,,,,,,,,,,,,,,,,,,,,,,,,,,,,,,,,,,,,,,,,,,,,,,,,,,,,,,,,,,,,,,,,,,,,,,,,,,,,,,,,,,,,,,,,,,,,,,,,,,,,,,,,,,,,,,,,,,,,,,,,,,,,,,,,,,,,,,,,,,,,,,,,,,,,,,,,,,,,91205,,1940,,https://rosap.ntl.bts.gov/view/dot/75524,,,Texas,Texas. Highway Department,"State Road Maps,Texas Road Maps","Texas Highway Map: 1940 Spring Edition [February 15\, 1940]",The attached digital files are the property of the Texas Department of Transportation. The files are being provided to you for your personal use.  Any commercial use of such files requires written permission from the Texas Department of Transportation.,,,"Scale: 1 inch equals 32 miles.    ""Corrected to February 15th\, 1940."",This map was made accessible to the extent possible at the time of digitization. Contact fhwalibrary@dot.gov if you require further remediation to access this map.",,urn:sha256:67426d7da3032852e0c2bb944634bd9b9925d3ee3e8a8536baf1044ef8b801ab,,,,,,,,,,,,,,,,,,,,,
dot:75525,,,"Texas Highway Map: 1941 Spring Edition [January 1\, 1941]",Active,"Texas Highway Map: 1941 Spring Edition [January 1\, 1941]",English,"Maps,Visual presentations,Routes,Counties,Cities,Highway travel",2025-01-21T16:38:55.739Z,State Road Maps,English,"Texas Highway Map: 1941 Spring Edition [January 1, 1941]",,"Maps,Visual presentations,Routes,Counties,Cities,Highway travel",Texas. Highway Department,true,"1941-01-01; \,",,1941-01-01,PDF,,,Texas,,2024-07-08T14:21:08.204Z,,Map,,Texas. Highway Department,application/pdf,HwyMap_TX_1941_0411.pdf,24799206,urn:sha-512:029b876e1a9134eae8a6ffe680f38a1fd48996c78a77acd09d21c1b9ca08718594c1721effa8e34b1aaacce73458f9a0e906becd639b0cfe9b35a1ecab5b5277,1941,,dot:73449,,,,"dot:75518,dot:75519,dot:75520,dot:75521,dot:75522,dot:75523,dot:75524,dot:75526,dot:75527,dot:75528,dot:75529,dot:75530,dot:75531,dot:75532,dot:75533,dot:75534,dot:75535,dot:75536,dot:75537,dot:75538,dot:75539,dot:75540,dot:75541,dot:75542,dot:75543,dot:75544,dot:75546,dot:75547,dot:75548,dot:75549,dot:75550,dot:75551,dot:75552,dot:75553,dot:75554,dot:75555,dot:75556",,1895,,,,,,Texas. Highway Department,PDF,Map,,,https://ntlrepository.blob.core.windows.net/lib/91000/91200/91206/HwyMap_TX_1941_0411.pdf,,,,,"Scale: 1 inch equals 30 miles. ""Corrected to January 1st\, 1941."",This map was made accessible to the extent possible at the time of digitization. Contact fhwalibrary@dot.gov if you require further remediation to access this map.",,,,,,,,,,,,,,,,,,,,,,,,The attached digital files are the property of the Texas Department of Transportation. The files are being provided to you for your personal use. Any commercial use of such files requires written permission from the Texas Department of Transportation.,Texas Road Maps,,,,,,,,,,,,,,,,,,,,,,,,,,,,,,,,,,,,,,,,,,,,,,,,,,,,,,,,,,,,,,,,,,,,,,,,,,,,,,,,,,,,,,,,,,,,,,,,,,,,,,,,,,,,,,,,,,,,,,,,,,,,,,,,,,,,,,,,,,,,,,,,,,,,,,,,,,,,,,,,,,,,,,,,,,,,,,,,,,,,,,91206,,1941,,https://rosap.ntl.bts.gov/view/dot/75525,,,Texas,Texas. Highway Department,"State Road Maps,Texas Road Maps","Texas Highway Map: 1941 Spring Edition [January 1\, 1941]",The attached digital files are the property of the Texas Department of Transportation. The files are being provided to you for your personal use.  Any commercial use of such files requires written permission from the Texas Department of Transportation.,,,"Scale: 1 inch equals 30 miles.     ""Corrected to January 1st\, 1941."",This map was made accessible to the extent possible at the time of digitization. Contact fhwalibrary@dot.gov if you require further remediation to access this map.",,urn:sha256:c3063a0e122302b01af44109c3404bc79e742c9bdc19bd8995df5ab45dfa3dfe,,,,,,,,,,,,,,,,,,,,,
dot:75526,,,"Texas Highway Map: 1942 Fall Edition [September 15\, 1942]",Active,"Texas Highway Map: 1942 Fall Edition [September 15\, 1942]",English,"Maps,Visual presentations,Routes,Counties,Cities,Highway travel",2025-01-21T16:38:55.954Z,State Road Maps,English,"Texas Highway Map: 1942 Fall Edition [September 15, 1942]",,"Maps,Visual presentations,Routes,Counties,Cities,Highway travel",Texas. State Highway Commission,true,"1942-09-15; \,",,1942-09-15,PDF,,,Texas,,2024-07-08T14:21:19.021Z,,Map,,Texas. State Highway Commission,application/pdf,HwyMap_TX_1942_0413.pdf,23177473,urn:sha-512:885a13c7b86b688b62ce585746e9a3a0570afe52655eaec90fa90c96cf8f2e6c370bd43fdd26552f295f5a9f1ee6a34b4bc794650215fdba4a3915da7ce837c6,1942,,dot:73449,,,,"dot:75518,dot:75519,dot:75520,dot:75521,dot:75522,dot:75523,dot:75524,dot:75525,dot:75527,dot:75528,dot:75529,dot:75530,dot:75531,dot:75532,dot:75533,dot:75534,dot:75535,dot:75536,dot:75537,dot:75538,dot:75539,dot:75540,dot:75541,dot:75542,dot:75543,dot:75544,dot:75546,dot:75547,dot:75548,dot:75549,dot:75550,dot:75551,dot:75552,dot:75553,dot:75554,dot:75555,dot:75556",,1895,,,,,,Texas. State Highway Commission,PDF,Map,,,https://ntlrepository.blob.core.windows.net/lib/91000/91200/91208/HwyMap_TX_1942_0413.pdf,,,,,"Scale: 1 inch equals 23 miles. ""Corrected on September 15th\, 1942."",This map was made accessible to the extent possible at the time of digitization. Contact fhwalibrary@dot.gov if you require further remediation to access this map.",,,,,,,,,,,,,,,,,,,,,,,,The attached digital files are the property of the Texas Department of Transportation. The files are being provided to you for your personal use. Any commercial use of such files requires written permission from the Texas Department of Transportation.,Texas Road Maps,,,,,,,,,,,,,,,,,,,,,,,,,,,,,,,,,,,,,,,,,,,,,,,,,,,,,,,,,,,,,,,,,,,,,,,,,,,,,,,,,,,,,,,,,,,,,,,,,,,,,,,,,,,,,,,,,,,,,,,,,,,,,,,,,,,,,,,,,,,,,,,,,,,,,,,,,,,,,,,,,,,,,,,,,,,,,,,,,,,,,,91208,,1942,,https://rosap.ntl.bts.gov/view/dot/75526,,,Texas,Texas. State Highway Commission,"State Road Maps,Texas Road Maps","Texas Highway Map: 1942 Fall Edition [September 15\, 1942]",The attached digital files are the property of the Texas Department of Transportation. The files are being provided to you for your personal use.  Any commercial use of such files requires written permission from the Texas Department of Transportation.,,,"Scale: 1 inch equals 23 miles.     ""Corrected on September 15th\, 1942."",This map was made accessible to the extent possible at the time of digitization. Contact fhwalibrary@dot.gov if you require further remediation to access this map.",,urn:sha256:88a00c6e0178c656a03056e7f4066478893aaf86a65bbff2c8472385d1297f8a,,,,,,,,,,,,,,,,,,,,,
dot:75523,,,"Texas Highway Map: 1939 Summer Edition [June 1\, 1939]",Active,"Texas Highway Map: 1939 Summer Edition [June 1\, 1939]",English,"Maps,Visual presentations,Routes,Counties,Cities,Highway travel",2025-01-21T16:38:55.384Z,State Road Maps,English,"Texas Highway Map: 1939 Summer Edition [June 1, 1939]",,"Maps,Visual presentations,Routes,Counties,Cities,Highway travel",Texas. Highway Department,true,"1939-06-01; \,",,1939-06-01,PDF,,,Texas,,2024-07-08T14:20:46.083Z,,Map,,Texas. Highway Department,application/pdf,HwyMap_TX_1939_0409.pdf,24847578,urn:sha-512:4195e5da9c5780d1277f36be0ed864d0ec97a0d77f48e298ed488dd9e3cd0fc4fa6ec709dd6c633a324b06c6dc8f73ef420f72bfa5d3668687871821ff915a0c,1939,,dot:73449,,,,"dot:75518,dot:75519,dot:75520,dot:75521,dot:75522,dot:75524,dot:75525,dot:75526,dot:75527,dot:75528,dot:75529,dot:75530,dot:75531,dot:75532,dot:75533,dot:75534,dot:75535,dot:75536,dot:75537,dot:75538,dot:75539,dot:75540,dot:75541,dot:75542,dot:75543,dot:75544,dot:75546,dot:75547,dot:75548,dot:75549,dot:75550,dot:75551,dot:75552,dot:75553,dot:75554,dot:75555,dot:75556",,1895,,,,,,Texas. Highway Department,PDF,Map,,,https://ntlrepository.blob.core.windows.net/lib/91000/91200/91204/HwyMap_TX_1939_0409.pdf,,"Stene\, R.M.",,,"Scale: 1 inch equals 30 miles. ""Corrected to June 1st\, 1939."",This map was made accessible to the extent possible at the time of digitization. Contact fhwalibrary@dot.gov if you require further remediation to access this map.",,,,,,,,,,,,,,,,,,,,,,,,The attached digital files are the property of the Texas Department of Transportation. The files are being provided to you for your personal use. Any commercial use of such files requires written permission from the Texas Department of Transportation.,Texas Road Maps,,,,,,,,,,,,,,,,,,,,,,,,,,,,,,,,,,,,,,,,,,,,,,,,,,,,,,,,,,,,,,,,,,,,,,,,,,,,,,,,,,,,,,,,,,,,,,,,,,,,,,,,,,,,,,,,,,,,,,,,,,,,,,,,,,,,,,,,,,,,,,,,,,,,,,,,,,,,,,,,,,,,,,,,,,,,,,,,,,,,,,91204,,1939,,https://rosap.ntl.bts.gov/view/dot/75523,,,Texas,Texas. Highway Department,"State Road Maps,Texas Road Maps","Texas Highway Map: 1939 Summer Edition [June 1\, 1939]",The attached digital files are the property of the Texas Department of Transportation. The files are being provided to you for your personal use.  Any commercial use of such files requires written permission from the Texas Department of Transportation.,,"Stene\, R.M.","Scale: 1 inch equals 30 miles.    ""Corrected to June 1st\, 1939."",This map was made accessible to the extent possible at the time of digitization. Contact fhwalibrary@dot.gov if you require further remediation to access this map.",,urn:sha256:a862d6efb34a0fc4dfdf6faca548bfcc3f92df8f3cdfb7c6871f29a4a1d3429a,,,,,,,,,,,,,,,,,,,,,
dot:75531,,,"Texas Official Highway Travel Map [February 1\, 1962]",Active,"Texas Official Highway Travel Map [February 1\, 1962]",English,"Maps,Visual presentations,Routes,Counties,Cities,Highway travel",2025-01-21T16:38:57.031Z,State Road Maps,English,"Texas Official Highway Travel Map [February 1, 1962]",,"Maps,Visual presentations,Routes,Counties,Cities,Highway travel",Texas. Highway Department,true,"1962-02-01; \,",,1962-02-01,PDF,,,Texas,,2024-07-08T14:25:11.153Z,,Map,,Texas. Highway Department,application/pdf,HwyMap_TX_1962_0427.pdf,211438279,urn:sha-512:09539b9ff535cc693cb0e993891615af1857f67544fdf8600d5ed7b5c79ce5fa14b877d7fe6dfd3cb8b970fb99a8837c061c7e7f2f66b70f5a703fab5b4e5b43,1962,,dot:73449,,,,"dot:75518,dot:75519,dot:75520,dot:75521,dot:75522,dot:75523,dot:75524,dot:75525,dot:75526,dot:75527,dot:75528,dot:75529,dot:75530,dot:75532,dot:75533,dot:75534,dot:75535,dot:75536,dot:75537,dot:75538,dot:75539,dot:75540,dot:75541,dot:75542,dot:75543,dot:75544,dot:75546,dot:75547,dot:75548,dot:75549,dot:75550,dot:75551,dot:75552,dot:75553,dot:75554,dot:75555,dot:75556",,1895,,,,,,Texas. Highway Department,PDF,Map,,,https://ntlrepository.blob.core.windows.net/lib/91000/91200/91226/HwyMap_TX_1962_0427.pdf,,,,Official Texas Highway Travel Map,"Scale: 1 inch equals approximately 30 miles. Contains short excerpt titled ""Good Highways: A Texas Tradition."",This map was made accessible to the extent possible at the time of digitization. Contact fhwalibrary@dot.gov if you require further remediation to access this map.",,,,,,,,,,,,,,,,,,,,,,,,The attached digital files are the property of the Texas Department of Transportation. The files are being provided to you for your personal use. Any commercial use of such files requires written permission from the Texas Department of Transportation.,Texas Road Maps,,,,,,,,,,,,,,,,,,,,,,,,,,,,,,,,,,,,,,,,,,,,,,,,,,,,,,,,,,,,,,,,,,,,,,,,,,,,,,,,,,,,,,,,,,,,,,,,,,,,,,,,,,,,,,,,,,,,,,,,,,,,,,,,,,,,,,,,,,,,,,,,,,,,,,,,,,,,,,,,,,,,,,,,,,,,,,,,,,,,,,91226,,1962,,https://rosap.ntl.bts.gov/view/dot/75531,,,Texas,Texas. Highway Department,"State Road Maps,Texas Road Maps","Texas Official Highway Travel Map [February 1\, 1962]",The attached digital files are the property of the Texas Department of Transportation. The files are being provided to you for your personal use.  Any commercial use of such files requires written permission from the Texas Department of Transportation.,,,"Scale: 1 inch equals approximately 30 miles. Contains short excerpt titled ""Good Highways: A Texas Tradition."",This map was made accessible to the extent possible at the time of digitization. Contact fhwalibrary@dot.gov if you require further remediation to access this map.",Official Texas Highway Travel Map,urn:sha256:2137678b5bbf6230e5c387aa1a7d03855788c44f3934ea6c73e4e758f82e9916,,,,,,,,,,,,,,,,,,,,,
dot:75528,,,"Texas Official Highway Map: Spring and Summer Edition [March 1\, 1949]",Active,"Texas Official Highway Map: Spring and Summer Edition [March 1\, 1949]",English,"Maps,Visual presentations,Routes,Counties,Cities,Highway travel",2025-01-21T16:38:56.360Z,State Road Maps,English,"Texas Official Highway Map: Spring and Summer Edition [March 1, 1949]",,"Maps,Visual presentations,Routes,Counties,Cities,Highway travel",Texas. Highway Department,true,"1949-03-01; \,",,1949-03-01,PDF,,,Texas,,2024-07-08T14:22:15.996Z,,Map,,Texas. Highway Department,application/pdf,HwyMap_TX_1949_0416.pdf,214551292,urn:sha-512:b8987cabc09165f882d2e5f5124c6ad4c72871bb2de005a6226141e266f9b05d132f3173cb7ab007882cdede78467369112c165483272451c25bf8ae2d38378d,1949,,dot:73449,,,,"dot:75518,dot:75519,dot:75520,dot:75521,dot:75522,dot:75523,dot:75524,dot:75525,dot:75526,dot:75527,dot:75529,dot:75530,dot:75531,dot:75532,dot:75533,dot:75534,dot:75535,dot:75536,dot:75537,dot:75538,dot:75539,dot:75540,dot:75541,dot:75542,dot:75543,dot:75544,dot:75546,dot:75547,dot:75548,dot:75549,dot:75550,dot:75551,dot:75552,dot:75553,dot:75554,dot:75555,dot:75556",,1895,,,,,,Texas. Highway Department,PDF,Map,,,https://ntlrepository.blob.core.windows.net/lib/91000/91200/91214/HwyMap_TX_1949_0416.pdf,,,,Texas: Official Highway Map,"Scale: 1 inch equals 30 miles. ""Corrected to March 1st\, 1949."",This map was made accessible to the extent possible at the time of digitization. Contact fhwalibrary@dot.gov if you require further remediation to access this map.",,,,,,,,,,,,,,,,,,,,,,,,The attached digital files are the property of the Texas Department of Transportation. The files are being provided to you for your personal use. Any commercial use of such files requires written permission from the Texas Department of Transportation.,Texas Road Maps,,,,,,,,,,,,,,,,,,,,,,,,,,,,,,,,,,,,,,,,,,,,,,,,,,,,,,,,,,,,,,,,,,,,,,,,,,,,,,,,,,,,,,,,,,,,,,,,,,,,,,,,,,,,,,,,,,,,,,,,,,,,,,,,,,,,,,,,,,,,,,,,,,,,,,,,,,,,,,,,,,,,,,,,,,,,,,,,,,,,,,91214,,1949,,https://rosap.ntl.bts.gov/view/dot/75528,,,Texas,Texas. Highway Department,"State Road Maps,Texas Road Maps","Texas Official Highway Map: Spring and Summer Edition [March 1\, 1949]",The attached digital files are the property of the Texas Department of Transportation. The files are being provided to you for your personal use.  Any commercial use of such files requires written permission from the Texas Department of Transportation.,,,"Scale: 1 inch equals 30 miles.    ""Corrected to March 1st\, 1949."",This map was made accessible to the extent possible at the time of digitization. Contact fhwalibrary@dot.gov if you require further remediation to access this map.",Texas: Official Highway Map,urn:sha256:89c4b648022d96e4b545169737522d66b7ae180fd37e7b31bd5823a28484cc32,,,,,,,,,,,,,,,,,,,,,
dot:75529,,,"Texas Official Highway Travel Map [April 1\, 1958]",Active,"Texas Official Highway Travel Map [April 1\, 1958]",English,"Maps,Visual presentations,Routes,Counties,Cities,Highway travel",2025-01-21T16:38:56.574Z,State Road Maps,English,"Texas Official Highway Travel Map [April 1, 1958]",,"Maps,Visual presentations,Routes,Counties,Cities,Highway travel",Texas. Highway Department,true,"1958-04-01; \,",,1958-04-01,PDF,,,Texas,,2024-07-08T14:23:08.407Z,,Map,,Texas. Highway Department,application/pdf,HwyMap_TX_1958_0423.pdf,209955382,urn:sha-512:01d698a4327e78b8f4a030a4058ef2fe14920e11f73d12f0e08f9e8962e0f2dc70f37d59173821e3fbc4367face85a150f26623668f6290c2e9bb86a3712f8a9,1958,,dot:73449,,,,"dot:75518,dot:75519,dot:75520,dot:75521,dot:75522,dot:75523,dot:75524,dot:75525,dot:75526,dot:75527,dot:75528,dot:75530,dot:75531,dot:75532,dot:75533,dot:75534,dot:75535,dot:75536,dot:75537,dot:75538,dot:75539,dot:75540,dot:75541,dot:75542,dot:75543,dot:75544,dot:75546,dot:75547,dot:75548,dot:75549,dot:75550,dot:75551,dot:75552,dot:75553,dot:75554,dot:75555,dot:75556",,1895,,,,,,Texas. Highway Department,PDF,Map,,,https://ntlrepository.blob.core.windows.net/lib/91000/91200/91222/HwyMap_TX_1958_0423.pdf,,,,Texas: Official Highway Travel Map,"Scale: 1 inch equals 30 miles. Contains short except titled ""Facts About Texas."",This map was made accessible to the extent possible at the time of digitization. Contact fhwalibrary@dot.gov if you require further remediation to access this map.",,,,,,,,,,,,,,,,,,,,,,,,The attached digital files are the property of the Texas Department of Transportation. The files are being provided to you for your personal use. Any commercial use of such files requires written permission from the Texas Department of Transportation.,Texas Road Maps,,,,,,,,,,,,,,,,,,,,,,,,,,,,,,,,,,,,,,,,,,,,,,,,,,,,,,,,,,,,,,,,,,,,,,,,,,,,,,,,,,,,,,,,,,,,,,,,,,,,,,,,,,,,,,,,,,,,,,,,,,,,,,,,,,,,,,,,,,,,,,,,,,,,,,,,,,,,,,,,,,,,,,,,,,,,,,,,,,,,,,91222,,1958,,https://rosap.ntl.bts.gov/view/dot/75529,,,Texas,Texas. Highway Department,"State Road Maps,Texas Road Maps","Texas Official Highway Travel Map [April 1\, 1958]",The attached digital files are the property of the Texas Department of Transportation. The files are being provided to you for your personal use.  Any commercial use of such files requires written permission from the Texas Department of Transportation.,,,"Scale: 1 inch equals 30 miles.    Contains short except titled ""Facts About Texas."",This map was made accessible to the extent possible at the time of digitization. Contact fhwalibrary@dot.gov if you require further remediation to access this map.",Texas: Official Highway Travel Map,urn:sha256:277cd871cbf03cd3284e1859e38d838b254620389ad8572c4536805a701d8a03,,,,,,,,,,,,,,,,,,,,,
dot:75530,,,"Texas Official Highway Travel Map [April 1\, 1964]",Active,"Texas Official Highway Travel Map [April 1\, 1964]",English,"Maps,Visual presentations,Routes,Counties,Cities,Highway travel",2025-01-21T16:38:56.817Z,State Road Maps,English,"Texas Official Highway Travel Map [April 1, 1964]",,"Maps,Visual presentations,Routes,Counties,Cities,Highway travel",Texas. Highway Department,true,"1964-04-01; \,",,1964-04-01,PDF,,,Texas,,2024-07-08T14:23:58.241Z,,Map,,Texas. Highway Department,application/pdf,HwyMap_TX_1964_0429.pdf,214446269,urn:sha-512:c5799396d691c522d9522af64767369bda325d5985b96611a0d47b70c85cf389902940bbb7572eec2cdbb9abc8e13c09ed20088fd7ec410ee89d7dd0eeaee52b,1964,,dot:73449,,,,"dot:75518,dot:75519,dot:75520,dot:75521,dot:75522,dot:75523,dot:75524,dot:75525,dot:75526,dot:75527,dot:75528,dot:75529,dot:75531,dot:75532,dot:75533,dot:75534,dot:75535,dot:75536,dot:75537,dot:75538,dot:75539,dot:75540,dot:75541,dot:75542,dot:75543,dot:75544,dot:75546,dot:75547,dot:75548,dot:75549,dot:75550,dot:75551,dot:75552,dot:75553,dot:75554,dot:75555,dot:75556",,1895,,,,,,Texas. Highway Department,PDF,Map,,,https://ntlrepository.blob.core.windows.net/lib/91000/91200/91229/HwyMap_TX_1964_0429.pdf,,,,"Official Texas Highway Travel Map,Texas: America's Fun-tier","Scale: 1 inch equals approximately 30 miles.,This map was made accessible to the extent possible at the time of digitization. Contact fhwalibrary@dot.gov if you require further remediation to access this map.",,,,,,,,,,,,,,,,,,,,,,,,The attached digital files are the property of the Texas Department of Transportation. The files are being provided to you for your personal use. Any commercial use of such files requires written permission from the Texas Department of Transportation.,Texas Road Maps,,,,,,,,,,,,,,,,,,,,,,,,,,,,,,,,,,,,,,,,,,,,,,,,,,,,,,,,,,,,,,,,,,,,,,,,,,,,,,,,,,,,,,,,,,,,,,,,,,,,,,,,,,,,,,,,,,,,,,,,,,,,,,,,,,,,,,,,,,,,,,,,,,,,,,,,,,,,,,,,,,,,,,,,,,,,,,,,,,,,,,91229,,1964,,https://rosap.ntl.bts.gov/view/dot/75530,,,Texas,Texas. Highway Department,"State Road Maps,Texas Road Maps","Texas Official Highway Travel Map [April 1\, 1964]",The attached digital files are the property of the Texas Department of Transportation. The files are being provided to you for your personal use.  Any commercial use of such files requires written permission from the Texas Department of Transportation.,,,"Scale: 1 inch equals approximately 30 miles.,This map was made accessible to the extent possible at the time of digitization. Contact fhwalibrary@dot.gov if you require further remediation to access this map.","Official Texas Highway Travel Map,Texas: America's Fun-tier",urn:sha256:00deaaf8210dfe7f87719a5f796ef5f59716d9f773f96d72d57af0c05ccaa2f4,,,,,,,,,,,,,,,,,,,,,
dot:75542,,,"Texas Official Highway Travel Map [May 1\, 1957]",Active,"Texas Official Highway Travel Map [May 1\, 1957]",English,"Maps,Visual presentations,Routes,Counties,Cities,Highway travel",2025-01-21T16:38:59.453Z,State Road Maps,English,"Texas Official Highway Travel Map [May 1, 1957]",,"Maps,Visual presentations,Routes,Counties,Cities,Highway travel",Texas. Highway Department,true,"1957-05-01; \,",,1957-05-01,PDF,,,Texas,,2024-07-08T14:33:53.872Z,,Map,,Texas. Highway Department,application/pdf,HwyMap_TX_1957_0422.pdf,204087555,urn:sha-512:9bdad75ff0a939ae9af2a925f930deff8272ed9431a1cfa6278984fc9602d75a53f9670b3a1f463443eb133a0df27a492b8b3066b9ff4fc589416a87e6452921,1957,,dot:73449,,,,"dot:75518,dot:75519,dot:75520,dot:75521,dot:75522,dot:75523,dot:75524,dot:75525,dot:75526,dot:75527,dot:75528,dot:75529,dot:75530,dot:75531,dot:75532,dot:75533,dot:75534,dot:75535,dot:75536,dot:75537,dot:75538,dot:75539,dot:75540,dot:75541,dot:75543,dot:75544,dot:75546,dot:75547,dot:75548,dot:75549,dot:75550,dot:75551,dot:75552,dot:75553,dot:75554,dot:75555,dot:75556",,1895,,,,,,Texas. Highway Department,PDF,Map,,,https://ntlrepository.blob.core.windows.net/lib/91000/91200/91221/HwyMap_TX_1957_0422.pdf,,,,"Official Texas Highway Travel Map,Official Highway Travel Map","Scale: 1 inch equals 30 miles. Contains short except titled ""Facts About Texas."",This map was made accessible to the extent possible at the time of digitization. Contact fhwalibrary@dot.gov if you require further remediation to access this map.",,,,,,,,,,,,,,,,,,,,,,,,The attached digital files are the property of the Texas Department of Transportation. The files are being provided to you for your personal use. Any commercial use of such files requires written permission from the Texas Department of Transportation.,Texas Road Maps,,,,,,,,,,,,,,,,,,,,,,,,,,,,,,,,,,,,,,,,,,,,,,,,,,,,,,,,,,,,,,,,,,,,,,,,,,,,,,,,,,,,,,,,,,,,,,,,,,,,,,,,,,,,,,,,,,,,,,,,,,,,,,,,,,,,,,,,,,,,,,,,,,,,,,,,,,,,,,,,,,,,,,,,,,,,,,,,,,,,,,91221,,1957,,https://rosap.ntl.bts.gov/view/dot/75542,,,Texas,Texas. Highway Department,"State Road Maps,Texas Road Maps","Texas Official Highway Travel Map [May 1\, 1957]",The attached digital files are the property of the Texas Department of Transportation. The files are being provided to you for your personal use.  Any commercial use of such files requires written permission from the Texas Department of Transportation.,,,"Scale: 1 inch equals 30 miles.   Contains short except titled ""Facts About Texas."",This map was made accessible to the extent possible at the time of digitization. Contact fhwalibrary@dot.gov if you require further remediation to access this map.","Official Texas Highway Travel Map,Official Highway Travel Map",urn:sha256:c36d930078fc633c0ecdc4456e4f539773354df9fb6e09d1318c0f02dddff53b,,,,,,,,,,,,,,,,,,,,,
dot:75544,,,"Texas Official Highway Travel Map [May 1\, 1960]",Active,"Texas Official Highway Travel Map [May 1\, 1960]",English,"Maps,Visual presentations,Routes,Counties,Cities,Highway travel",2025-01-21T16:38:59.834Z,State Road Maps,English,"Texas Official Highway Travel Map [May 1, 1960]",,"Maps,Visual presentations,Routes,Counties,Cities,Highway travel",Texas. Highway Department,true,"1960-05-01; \,",,1960-05-01,PDF,,,Texas,,2024-07-08T14:35:41.140Z,,Map,,Texas. Highway Department,application/pdf,HwyMap_TX_1960_0425.pdf,213828179,urn:sha-512:17942c14f0ed064f84dc6b1455f4b436b981f565a3dd615dca6b1ae018c5c1ee386828ecc50c8eddaec1a38504d2eda7dec08804c0a5b05d501bb5649173ce42,1960,,dot:73449,,,,"dot:75518,dot:75519,dot:75520,dot:75521,dot:75522,dot:75523,dot:75524,dot:75525,dot:75526,dot:75527,dot:75528,dot:75529,dot:75530,dot:75531,dot:75532,dot:75533,dot:75534,dot:75535,dot:75536,dot:75537,dot:75538,dot:75539,dot:75540,dot:75541,dot:75542,dot:75543,dot:75546,dot:75547,dot:75548,dot:75549,dot:75550,dot:75551,dot:75552,dot:75553,dot:75554,dot:75555,dot:75556",,1895,,,,,,Texas. Highway Department,PDF,Map,,,https://ntlrepository.blob.core.windows.net/lib/91000/91200/91224/HwyMap_TX_1960_0425.pdf,,,,Official Highway Travel Map,"Scale: 1 inch equals approximately 30 miles. Contains short excerpt titled ""Facts About Texas."",This map was made accessible to the extent possible at the time of digitization. Contact fhwalibrary@dot.gov if you require further remediation to access this map.",,,,,,,,,,,,,,,,,,,,,,,,The attached digital files are the property of the Texas Department of Transportation. The files are being provided to you for your personal use. Any commercial use of such files requires written permission from the Texas Department of Transportation.,Texas Road Maps,,,,,,,,,,,,,,,,,,,,,,,,,,,,,,,,,,,,,,,,,,,,,,,,,,,,,,,,,,,,,,,,,,,,,,,,,,,,,,,,,,,,,,,,,,,,,,,,,,,,,,,,,,,,,,,,,,,,,,,,,,,,,,,,,,,,,,,,,,,,,,,,,,,,,,,,,,,,,,,,,,,,,,,,,,,,,,,,,,,,,,91224,,1960,,https://rosap.ntl.bts.gov/view/dot/75544,,,Texas,Texas. Highway Department,"State Road Maps,Texas Road Maps","Texas Official Highway Travel Map [May 1\, 1960]",The attached digital files are the property of the Texas Department of Transportation. The files are being provided to you for your personal use.  Any commercial use of such files requires written permission from the Texas Department of Transportation.,,,"Scale: 1 inch equals approximately 30 miles. Contains short excerpt titled ""Facts About Texas."",This map was made accessible to the extent possible at the time of digitization. Contact fhwalibrary@dot.gov if you require further remediation to access this map.",Official Highway Travel Map,urn:sha256:957fbb45883e361ac4ec63c6f64ae519f94de4bb199aae87f9fec91c90afe258,,,,,,,,,,,,,,,,,,,,,
dot:75543,,,"Texas Official Highway Travel Map [May 1\, 1959]",Active,"Texas Official Highway Travel Map [May 1\, 1959]",English,"Maps,Visual presentations,Routes,Counties,Cities,Highway travel",2025-01-21T16:38:59.663Z,State Road Maps,English,"Texas Official Highway Travel Map [May 1, 1959]",,"Maps,Visual presentations,Routes,Counties,Cities,Highway travel",Texas. Highway Department,true,"1959-05-01; \,",,1959-05-01,PDF,,,Texas,,2024-07-08T14:34:48.462Z,,Map,,Texas. Highway Department,application/pdf,HwyMap_TX_1959_0424.pdf,207220545,urn:sha-512:5ff03f3e48e521840c986e1f3b6ac5356eaef1103bd74196108a7576768e57ad84b8c660b192def028a280ba4d4c259084519d3c02f29d3a68ee765e4959fdbe,1959,,dot:73449,,,,"dot:75518,dot:75519,dot:75520,dot:75521,dot:75522,dot:75523,dot:75524,dot:75525,dot:75526,dot:75527,dot:75528,dot:75529,dot:75530,dot:75531,dot:75532,dot:75533,dot:75534,dot:75535,dot:75536,dot:75537,dot:75538,dot:75539,dot:75540,dot:75541,dot:75542,dot:75544,dot:75546,dot:75547,dot:75548,dot:75549,dot:75550,dot:75551,dot:75552,dot:75553,dot:75554,dot:75555,dot:75556",,1895,,,,,,Texas. Highway Department,PDF,Map,,,https://ntlrepository.blob.core.windows.net/lib/91000/91200/91223/HwyMap_TX_1959_0424.pdf,,,,Official Texas Highway Travel Map,"Scale: 1 inch equals approximately 30 miles. Contains short excerpt titled ""Facts About Texas."",This map was made accessible to the extent possible at the time of digitization. Contact fhwalibrary@dot.gov if you require further remediation to access this map.",,,,,,,,,,,,,,,,,,,,,,,,The attached digital files are the property of the Texas Department of Transportation. The files are being provided to you for your personal use. Any commercial use of such files requires written permission from the Texas Department of Transportation.,Texas Road Maps,,,,,,,,,,,,,,,,,,,,,,,,,,,,,,,,,,,,,,,,,,,,,,,,,,,,,,,,,,,,,,,,,,,,,,,,,,,,,,,,,,,,,,,,,,,,,,,,,,,,,,,,,,,,,,,,,,,,,,,,,,,,,,,,,,,,,,,,,,,,,,,,,,,,,,,,,,,,,,,,,,,,,,,,,,,,,,,,,,,,,,91223,,1959,,https://rosap.ntl.bts.gov/view/dot/75543,,,Texas,Texas. Highway Department,"State Road Maps,Texas Road Maps","Texas Official Highway Travel Map [May 1\, 1959]",The attached digital files are the property of the Texas Department of Transportation. The files are being provided to you for your personal use.  Any commercial use of such files requires written permission from the Texas Department of Transportation.,,,"Scale: 1 inch equals approximately 30 miles. Contains short excerpt titled ""Facts About Texas."",This map was made accessible to the extent possible at the time of digitization. Contact fhwalibrary@dot.gov if you require further remediation to access this map.",Official Texas Highway Travel Map,urn:sha256:4a03b67bf9474bbba25419735f24dc34b7937bf490e05c75bfdee0e3f2c3d509,,,,,,,,,,,,,,,,,,,,,
dot:75541,,,"Texas Official Highway Travel Map [March 1\, 1965]",Active,"Texas Official Highway Travel Map [March 1\, 1965]",English,"Maps,Visual presentations,Routes,Counties,Cities,Highway travel",2025-01-21T16:38:59.224Z,State Road Maps,English,"Texas Official Highway Travel Map [March 1, 1965]",,"Maps,Visual presentations,Routes,Counties,Cities,Highway travel",Texas. Highway Department,true,"1965-03-01; \,",,1965-03-01,PDF,,,Texas,,2024-07-08T14:33:00.127Z,,Map,,Texas. Highway Department,application/pdf,HwyMap_TX_1965_0430.pdf,214902349,urn:sha-512:bd95fdd562242526f62ca063068f0e4e8635339089946a88a2f7b376ac33d52ee921a83d5da426df02a4412c28c443e80e345eebde3990f5a83a010ba7032c92,1965,,dot:73449,,,,"dot:75518,dot:75519,dot:75520,dot:75521,dot:75522,dot:75523,dot:75524,dot:75525,dot:75526,dot:75527,dot:75528,dot:75529,dot:75530,dot:75531,dot:75532,dot:75533,dot:75534,dot:75535,dot:75536,dot:75537,dot:75538,dot:75539,dot:75540,dot:75542,dot:75543,dot:75544,dot:75546,dot:75547,dot:75548,dot:75549,dot:75550,dot:75551,dot:75552,dot:75553,dot:75554,dot:75555,dot:75556",,1895,,,,,,Texas. Highway Department,PDF,Map,,,https://ntlrepository.blob.core.windows.net/lib/91000/91200/91230/HwyMap_TX_1965_0430.pdf,,,,"Official State Highway Map,Texas: America's Fun-tier","Scale: 1 inch equals approximately 30 miles.,This map was made accessible to the extent possible at the time of digitization. Contact fhwalibrary@dot.gov if you require further remediation to access this map.",,,,,,,,,,,,,,,,,,,,,,,,The attached digital files are the property of the Texas Department of Transportation. The files are being provided to you for your personal use. Any commercial use of such files requires written permission from the Texas Department of Transportation.,Texas Road Maps,,,,,,,,,,,,,,,,,,,,,,,,,,,,,,,,,,,,,,,,,,,,,,,,,,,,,,,,,,,,,,,,,,,,,,,,,,,,,,,,,,,,,,,,,,,,,,,,,,,,,,,,,,,,,,,,,,,,,,,,,,,,,,,,,,,,,,,,,,,,,,,,,,,,,,,,,,,,,,,,,,,,,,,,,,,,,,,,,,,,,,91230,,1965,,https://rosap.ntl.bts.gov/view/dot/75541,,,Texas,Texas. Highway Department,"State Road Maps,Texas Road Maps","Texas Official Highway Travel Map [March 1\, 1965]",The attached digital files are the property of the Texas Department of Transportation. The files are being provided to you for your personal use.  Any commercial use of such files requires written permission from the Texas Department of Transportation.,,,"Scale: 1 inch equals approximately 30 miles.,This map was made accessible to the extent possible at the time of digitization. Contact fhwalibrary@dot.gov if you require further remediation to access this map.","Official State Highway Map,Texas: America's Fun-tier",urn:sha256:4119929d81ae7965b7698c458e63c1ceba76c93120ddf71628be256750815de6,,,,,,,,,,,,,,,,,,,,,
dot:75537,,,"Texas Official Highway Travel Map [July 1\, 1989]",Active,"Texas Official Highway Travel Map [July 1\, 1989]",English,"Maps,Visual presentations,Routes,Counties,Cities,Highway travel",2025-01-21T16:38:58.292Z,State Road Maps,English,"Texas Official Highway Travel Map [July 1, 1989]",,"Maps,Visual presentations,Routes,Counties,Cities,Highway travel",Texas. State Dept. of Highways and Public Transportation,true,"1989-07-01; \,",,1989-07-01,PDF,,,Texas,,2024-07-08T14:29:53.626Z,,Map,,Texas. State Dept. of Highways and Public Transportation,application/pdf,HwyMap_TX_nd_circa_1979_to_1991_02_1541.pdf,91807512,urn:sha-512:e79135b91a97caa2baa02f1a93bfa3b6f4bc2f508ce02d47f9f50721c631e0ab6abab53f41011ea496bf5fe20cc9db98bd2e0a18a9b623e8a6edb71d09a34af1,1989,,dot:73449,,,,"dot:75518,dot:75519,dot:75520,dot:75521,dot:75522,dot:75523,dot:75524,dot:75525,dot:75526,dot:75527,dot:75528,dot:75529,dot:75530,dot:75531,dot:75532,dot:75533,dot:75534,dot:75535,dot:75536,dot:75538,dot:75539,dot:75540,dot:75541,dot:75542,dot:75543,dot:75544,dot:75546,dot:75547,dot:75548,dot:75549,dot:75550,dot:75551,dot:75552,dot:75553,dot:75554,dot:75555,dot:75556",,1895,,,,,,Texas. State Dept. of Highways and Public Transportation,PDF,Map,,,https://ntlrepository.blob.core.windows.net/lib/91000/91200/91232/HwyMap_TX_nd_circa_1979_to_1991_02_1541.pdf,,,,Official Highway Travel Map,"Scale: 1 inch equals 23 miles.,This map was made accessible to the extent possible at the time of digitization. Contact fhwalibrary@dot.gov if you require further remediation to access this map.",,,,,,,,,,,,,,,,,,,,,,,,The attached digital files are the property of the Texas Department of Transportation. The files are being provided to you for your personal use. Any commercial use of such files requires written permission from the Texas Department of Transportation.,Texas Road Maps,,,,,,,,,,,,,,,,,,,,,,,,,,,,,,,,,,,,,,,,,,,,,,,,,,,,,,,,,,,,,,,,,,,,,,,,,,,,,,,,,,,,,,,,,,,,,,,,,,,,,,,,,,,,,,,,,,,,,,,,,,,,,,,,,,,,,,,,,,,,,,,,,,,,,,,,,,,,,,,,,,,,,,,,,,,,,,,,,,,,,,91232,,1989,,https://rosap.ntl.bts.gov/view/dot/75537,,,Texas,Texas. State Dept. of Highways and Public Transportation,"State Road Maps,Texas Road Maps","Texas Official Highway Travel Map [July 1\, 1989]",The attached digital files are the property of the Texas Department of Transportation. The files are being provided to you for your personal use.  Any commercial use of such files requires written permission from the Texas Department of Transportation.,,,"Scale: 1 inch equals 23 miles.,This map was made accessible to the extent possible at the time of digitization. Contact fhwalibrary@dot.gov if you require further remediation to access this map.",Official Highway Travel Map,urn:sha256:1c9fca2eb6f125adbdb9ccd5c6ee82eab4e1bba2662eeab33d2c161ee2483a13,,,,,,,,,,,,,,,,,,,,,
dot:75538,,,"Texas Official Highway Travel Map [June 1\, 1987]",Active,"Texas Official Highway Travel Map [June 1\, 1987]",English,"Maps,Visual presentations,Routes,Counties,Cities,Highway travel",2025-01-21T16:38:58.582Z,State Road Maps,English,"Texas Official Highway Travel Map [June 1, 1987]",,"Maps,Visual presentations,Routes,Counties,Cities,Highway travel",Texas. State Dept. of Highways and Public Transportation,true,"1987-06-01; \,",,1987-06-01,PDF,,,Texas,,2024-07-08T14:30:20.191Z,,Map,,Texas. State Dept. of Highways and Public Transportation,application/pdf,HwyMap_TX_nd_circa_1979_to_1991_01_1540.pdf,93266192,urn:sha-512:68bbf3833514a68ee4525c06321901690174c56fed2f4ce1ec00a29b281e296bae627b86b103df83a9df5ebbbe055268824a6923ca50991926aa82466bf64311,1987,,dot:73449,,,,"dot:75518,dot:75519,dot:75520,dot:75521,dot:75522,dot:75523,dot:75524,dot:75525,dot:75526,dot:75527,dot:75528,dot:75529,dot:75530,dot:75531,dot:75532,dot:75533,dot:75534,dot:75535,dot:75536,dot:75537,dot:75539,dot:75540,dot:75541,dot:75542,dot:75543,dot:75544,dot:75546,dot:75547,dot:75548,dot:75549,dot:75550,dot:75551,dot:75552,dot:75553,dot:75554,dot:75555,dot:75556",,1895,,,,,,Texas. State Dept. of Highways and Public Transportation,PDF,Map,,,https://ntlrepository.blob.core.windows.net/lib/91000/91200/91231/HwyMap_TX_nd_circa_1979_to_1991_01_1540.pdf,,,,Official Highway Travel Map,"Scale: 1 inch equals 23 miles. Contains short excerpt titled ""The Friendship State."",This map was made accessible to the extent possible at the time of digitization. Contact fhwalibrary@dot.gov if you require further remediation to access this map.",,,,,,,,,,,,,,,,,,,,,,,,The attached digital files are the property of the Texas Department of Transportation. The files are being provided to you for your personal use. Any commercial use of such files requires written permission from the Texas Department of Transportation.,Texas Road Maps,,,,,,,,,,,,,,,,,,,,,,,,,,,,,,,,,,,,,,,,,,,,,,,,,,,,,,,,,,,,,,,,,,,,,,,,,,,,,,,,,,,,,,,,,,,,,,,,,,,,,,,,,,,,,,,,,,,,,,,,,,,,,,,,,,,,,,,,,,,,,,,,,,,,,,,,,,,,,,,,,,,,,,,,,,,,,,,,,,,,,,91231,,1987,,https://rosap.ntl.bts.gov/view/dot/75538,,,Texas,Texas. State Dept. of Highways and Public Transportation,"State Road Maps,Texas Road Maps","Texas Official Highway Travel Map [June 1\, 1987]",The attached digital files are the property of the Texas Department of Transportation. The files are being provided to you for your personal use.  Any commercial use of such files requires written permission from the Texas Department of Transportation.,,,"Scale: 1 inch equals 23 miles.  Contains short excerpt titled ""The Friendship State."",This map was made accessible to the extent possible at the time of digitization. Contact fhwalibrary@dot.gov if you require further remediation to access this map.",Official Highway Travel Map,urn:sha256:627ad2c74af24f3d5bc9b4f8ffe880d25b4ee8df2d1d49e92b15d5a88da0f01b,,,,,,,,,,,,,,,,,,,,,
dot:75533,,,"Texas Official Highway Travel Map [January 1\, 1952]",Active,"Texas Official Highway Travel Map [January 1\, 1952]",English,"Maps,Visual presentations,Routes,Counties,Cities,Highway travel",2025-01-21T16:38:57.419Z,State Road Maps,English,"Texas Official Highway Travel Map [January 1, 1952]",,"Maps,Visual presentations,Routes,Counties,Cities,Highway travel",Texas. Highway Department,true,"1952-01-01; \,",,1952-01-01,PDF,,,Texas,,2024-07-08T14:26:51.394Z,,Map,,Texas. Highway Department,application/pdf,HwyMap_TX_1952_0418.pdf,206176640,urn:sha-512:4ab843ba3ac2f686adf94ada448eb1d07a163fa1084220c3ebcf1e8502d025e2732322829fde4d7954fca1fa8a27b67b6efd9aaced608cb9108437525d601a84,1952,,dot:73449,,,,"dot:75518,dot:75519,dot:75520,dot:75521,dot:75522,dot:75523,dot:75524,dot:75525,dot:75526,dot:75527,dot:75528,dot:75529,dot:75530,dot:75531,dot:75532,dot:75534,dot:75535,dot:75536,dot:75537,dot:75538,dot:75539,dot:75540,dot:75541,dot:75542,dot:75543,dot:75544,dot:75546,dot:75547,dot:75548,dot:75549,dot:75550,dot:75551,dot:75552,dot:75553,dot:75554,dot:75555,dot:75556",,1895,,,,,,Texas. Highway Department,PDF,Map,,,https://ntlrepository.blob.core.windows.net/lib/91000/91200/91216/HwyMap_TX_1952_0418.pdf,,,,Official Highway Travel Map,"Scale: 1 inch equals 30 miles. Map contains short excerpt on the History of Texas titled ""Historical Texas: A Dynamic Past provides inspiration for the future."",This map was made accessible to the extent possible at the time of digitization. Contact fhwalibrary@dot.gov if you require further remediation to access this map.",,,,,,,,,,,,,,,,,,,,,,,,The attached digital files are the property of the Texas Department of Transportation. The files are being provided to you for your personal use. Any commercial use of such files requires written permission from the Texas Department of Transportation.,Texas Road Maps,,,,,,,,,,,,,,,,,,,,,,,,,,,,,,,,,,,,,,,,,,,,,,,,,,,,,,,,,,,,,,,,,,,,,,,,,,,,,,,,,,,,,,,,,,,,,,,,,,,,,,,,,,,,,,,,,,,,,,,,,,,,,,,,,,,,,,,,,,,,,,,,,,,,,,,,,,,,,,,,,,,,,,,,,,,,,,,,,,,,,,91216,,1952,,https://rosap.ntl.bts.gov/view/dot/75533,,,Texas,Texas. Highway Department,"State Road Maps,Texas Road Maps","Texas Official Highway Travel Map [January 1\, 1952]",The attached digital files are the property of the Texas Department of Transportation. The files are being provided to you for your personal use.  Any commercial use of such files requires written permission from the Texas Department of Transportation.,,,"Scale: 1 inch equals 30 miles.      Map contains short excerpt on the History of Texas titled ""Historical Texas: A Dynamic Past provides inspiration for the future."",This map was made accessible to the extent possible at the time of digitization. Contact fhwalibrary@dot.gov if you require further remediation to access this map.",Official Highway Travel Map,urn:sha256:e867bb102ebe69027a1ac07483ba7e192beb147c12c2a9a2fd2caf9abe7e8502,,,,,,,,,,,,,,,,,,,,,
dot:75535,,,"Texas Official Highway Travel Map [January 1\, 1956]",Active,"Texas Official Highway Travel Map [January 1\, 1956]",English,"Maps,Visual presentations,Routes,Counties,Cities,Highway travel",2025-01-21T16:38:57.908Z,State Road Maps,English,"Texas Official Highway Travel Map [January 1, 1956]",,"Maps,Visual presentations,Routes,Counties,Cities,Highway travel",Texas. Highway Department,true,"1956-01-01; \,",,1956-01-01,PDF,,,Texas,,2024-07-08T14:28:24.392Z,,Map,,Texas. Highway Department,application/pdf,HwyMap_TX_1956_0421.pdf,208188580,urn:sha-512:b77e34f48c1d19bd47a632c00942efec569eca4f495c8ed6ac179061ed3f4ee154f1b460e5721828260dcaf06281214c9b2ff12c46bb4439434453c53afa9006,1956,,dot:73449,,,,"dot:75518,dot:75519,dot:75520,dot:75521,dot:75522,dot:75523,dot:75524,dot:75525,dot:75526,dot:75527,dot:75528,dot:75529,dot:75530,dot:75531,dot:75532,dot:75533,dot:75534,dot:75536,dot:75537,dot:75538,dot:75539,dot:75540,dot:75541,dot:75542,dot:75543,dot:75544,dot:75546,dot:75547,dot:75548,dot:75549,dot:75550,dot:75551,dot:75552,dot:75553,dot:75554,dot:75555,dot:75556",,1895,,,,,,Texas. Highway Department,PDF,Map,,,https://ntlrepository.blob.core.windows.net/lib/91000/91200/91220/HwyMap_TX_1956_0421.pdf,,,,"Official Texas Highway Travel Map,Official Highway Travel Map","Scale: 1 Inch equals 30 miles. Contains short excerpt titled ""Facts About Texas."",This map was made accessible to the extent possible at the time of digitization. Contact fhwalibrary@dot.gov if you require further remediation to access this map.",,,,,,,,,,,,,,,,,,,,,,,,The attached digital files are the property of the Texas Department of Transportation. The files are being provided to you for your personal use. Any commercial use of such files requires written permission from the Texas Department of Transportation.,Texas Road Maps,,,,,,,,,,,,,,,,,,,,,,,,,,,,,,,,,,,,,,,,,,,,,,,,,,,,,,,,,,,,,,,,,,,,,,,,,,,,,,,,,,,,,,,,,,,,,,,,,,,,,,,,,,,,,,,,,,,,,,,,,,,,,,,,,,,,,,,,,,,,,,,,,,,,,,,,,,,,,,,,,,,,,,,,,,,,,,,,,,,,,,91220,,1956,,https://rosap.ntl.bts.gov/view/dot/75535,,,Texas,Texas. Highway Department,"State Road Maps,Texas Road Maps","Texas Official Highway Travel Map [January 1\, 1956]",The attached digital files are the property of the Texas Department of Transportation. The files are being provided to you for your personal use.  Any commercial use of such files requires written permission from the Texas Department of Transportation.,,,"Scale: 1 Inch equals 30 miles.   Contains short excerpt titled ""Facts About Texas."",This map was made accessible to the extent possible at the time of digitization. Contact fhwalibrary@dot.gov if you require further remediation to access this map.","Official Texas Highway Travel Map,Official Highway Travel Map",urn:sha256:d23c27fca502a423f97a79937eb3cc914e610b52ccd765a30ad377e9bbc6a8aa,,,,,,,,,,,,,,,,,,,,,
dot:75536,,,"Texas Official Highway Travel Map [January 1\, 1961]",Active,"Texas Official Highway Travel Map [January 1\, 1961]",English,"Maps,Visual presentations,Routes,Counties,Cities,Highway travel",2025-01-21T16:38:58.088Z,State Road Maps,English,"Texas Official Highway Travel Map [January 1, 1961]",,"Maps,Visual presentations,Routes,Counties,Cities,Highway travel",Texas. Highway Department,true,"1961-01-01; \,",,1961-01-01,PDF,,,Texas,,2024-07-08T14:29:22.699Z,,Map,,Texas. Highway Department,application/pdf,HwyMap_TX_1961_0426.pdf,210172875,urn:sha-512:f6b0dd3a62885d4169076e8b0a1973d22434098e381f793c4832b998eea3af4848b54939c1eeb98e9369786ca0011c989b38e09d73281ee72559a0bc61bbd63d,1961,,dot:73449,,,,"dot:75518,dot:75519,dot:75520,dot:75521,dot:75522,dot:75523,dot:75524,dot:75525,dot:75526,dot:75527,dot:75528,dot:75529,dot:75530,dot:75531,dot:75532,dot:75533,dot:75534,dot:75535,dot:75537,dot:75538,dot:75539,dot:75540,dot:75541,dot:75542,dot:75543,dot:75544,dot:75546,dot:75547,dot:75548,dot:75549,dot:75550,dot:75551,dot:75552,dot:75553,dot:75554,dot:75555,dot:75556",,1895,,,,,,Texas. Highway Department,PDF,Map,,,https://ntlrepository.blob.core.windows.net/lib/91000/91200/91225/HwyMap_TX_1961_0426.pdf,,,,Official Highway Travel Map,"Scale: 1 inch equals approximately 30 miles. Contains short excerpt titled ""Facts About Texas."",This map was made accessible to the extent possible at the time of digitization. Contact fhwalibrary@dot.gov if you require further remediation to access this map.",,,,,,,,,,,,,,,,,,,,,,,,The attached digital files are the property of the Texas Department of Transportation. The files are being provided to you for your personal use. Any commercial use of such files requires written permission from the Texas Department of Transportation.,Texas Road Maps,,,,,,,,,,,,,,,,,,,,,,,,,,,,,,,,,,,,,,,,,,,,,,,,,,,,,,,,,,,,,,,,,,,,,,,,,,,,,,,,,,,,,,,,,,,,,,,,,,,,,,,,,,,,,,,,,,,,,,,,,,,,,,,,,,,,,,,,,,,,,,,,,,,,,,,,,,,,,,,,,,,,,,,,,,,,,,,,,,,,,,91225,,1961,,https://rosap.ntl.bts.gov/view/dot/75536,,,Texas,Texas. Highway Department,"State Road Maps,Texas Road Maps","Texas Official Highway Travel Map [January 1\, 1961]",The attached digital files are the property of the Texas Department of Transportation. The files are being provided to you for your personal use.  Any commercial use of such files requires written permission from the Texas Department of Transportation.,,,"Scale: 1 inch equals approximately 30 miles. Contains short excerpt titled ""Facts About Texas."",This map was made accessible to the extent possible at the time of digitization. Contact fhwalibrary@dot.gov if you require further remediation to access this map.",Official Highway Travel Map,urn:sha256:908fb829f6707428b20ba29f1419f1325e311303ddb7d6b219c9415e9ae3f02c,,,,,,,,,,,,,,,,,,,,,
dot:75540,,,"Texas Official Highway Travel Map [March 1\, 1963]",Active,"Texas Official Highway Travel Map [March 1\, 1963]",English,"Maps,Visual presentations,Routes,Counties,Cities,Highway travel",2025-01-21T16:38:59.031Z,State Road Maps,English,"Texas Official Highway Travel Map [March 1, 1963]",,"Maps,Visual presentations,Routes,Counties,Cities,Highway travel",Texas. Highway Department,true,"1963-03-01; \,",,1963-03-01,PDF,,,Texas,,2024-07-08T14:32:08.893Z,,Map,,Texas. Highway Department,application/pdf,HwyMap_TX_1963_0428.pdf,208121829,urn:sha-512:421bb28cea350ab3ab9bc2824655360462794220f14755e1d5155c7d9e71ed3f46923b9e7e7eb49dcdd424f7c17cea67a2cbbae4468b50e62c845286b7ba056f,1963,,dot:73449,,,,"dot:75518,dot:75519,dot:75520,dot:75521,dot:75522,dot:75523,dot:75524,dot:75525,dot:75526,dot:75527,dot:75528,dot:75529,dot:75530,dot:75531,dot:75532,dot:75533,dot:75534,dot:75535,dot:75536,dot:75537,dot:75538,dot:75539,dot:75541,dot:75542,dot:75543,dot:75544,dot:75546,dot:75547,dot:75548,dot:75549,dot:75550,dot:75551,dot:75552,dot:75553,dot:75554,dot:75555,dot:75556",,1895,,,,,,Texas. Highway Department,PDF,Map,,,https://ntlrepository.blob.core.windows.net/lib/91000/91200/91227/HwyMap_TX_1963_0428.pdf,,,,Official Texas Highway Travel Map,"Scale: 1 inch equals approximately 30 miles.,This map was made accessible to the extent possible at the time of digitization. Contact fhwalibrary@dot.gov if you require further remediation to access this map.",,,,,,,,,,,,,,,,,,,,,,,,The attached digital files are the property of the Texas Department of Transportation. The files are being provided to you for your personal use. Any commercial use of such files requires written permission from the Texas Department of Transportation.,Texas Road Maps,,,,,,,,,,,,,,,,,,,,,,,,,,,,,,,,,,,,,,,,,,,,,,,,,,,,,,,,,,,,,,,,,,,,,,,,,,,,,,,,,,,,,,,,,,,,,,,,,,,,,,,,,,,,,,,,,,,,,,,,,,,,,,,,,,,,,,,,,,,,,,,,,,,,,,,,,,,,,,,,,,,,,,,,,,,,,,,,,,,,,,91227,,1963,,https://rosap.ntl.bts.gov/view/dot/75540,,,Texas,Texas. Highway Department,"State Road Maps,Texas Road Maps","Texas Official Highway Travel Map [March 1\, 1963]",The attached digital files are the property of the Texas Department of Transportation. The files are being provided to you for your personal use.  Any commercial use of such files requires written permission from the Texas Department of Transportation.,,,"Scale: 1 inch equals approximately 30 miles.,This map was made accessible to the extent possible at the time of digitization. Contact fhwalibrary@dot.gov if you require further remediation to access this map.",Official Texas Highway Travel Map,urn:sha256:f67a7fefafd36a909d46b154f94171b04b79112fed2a7782c59632c35cfeb598,,,,,,,,,,,,,,,,,,,,,
dot:75532,,,"Texas Official Highway Travel Map [January 1\, 1951]",Active,"Texas Official Highway Travel Map [January 1\, 1951]",English,"Maps,Visual presentations,Routes,Counties,Cities,Highway travel",2025-01-21T16:38:57.214Z,State Road Maps,English,"Texas Official Highway Travel Map [January 1, 1951]",,"Maps,Visual presentations,Routes,Counties,Cities,Highway travel",Texas. Highway Department,true,"1951-01-01; \,",,1951-01-01,PDF,,,Texas,,2024-07-08T14:26:03.687Z,,Map,,Texas. Highway Department,application/pdf,HwyMap_TX_1951_0417.pdf,216635134,urn:sha-512:26346d6987e2fee27cac7cca397204101c0f503d10f4d4957f9c172e5af6fccc0e7e692468e77fac742c4634e17cafca95fbb2ef23ccaf69b2035b88cafdb304,1951,,dot:73449,,,,"dot:75518,dot:75519,dot:75520,dot:75521,dot:75522,dot:75523,dot:75524,dot:75525,dot:75526,dot:75527,dot:75528,dot:75529,dot:75530,dot:75531,dot:75533,dot:75534,dot:75535,dot:75536,dot:75537,dot:75538,dot:75539,dot:75540,dot:75541,dot:75542,dot:75543,dot:75544,dot:75546,dot:75547,dot:75548,dot:75549,dot:75550,dot:75551,dot:75552,dot:75553,dot:75554,dot:75555,dot:75556",,1895,,,,,,Texas. Highway Department,PDF,Map,,,https://ntlrepository.blob.core.windows.net/lib/91000/91200/91215/HwyMap_TX_1951_0417.pdf,,,,Texas: Official Travel Map,"Scale: 1 inch equals 30 miles.,This map was made accessible to the extent possible at the time of digitization. Contact fhwalibrary@dot.gov if you require further remediation to access this map.",,,,,,,,,,,,,,,,,,,,,,,,The attached digital files are the property of the Texas Department of Transportation. The files are being provided to you for your personal use. Any commercial use of such files requires written permission from the Texas Department of Transportation.,Texas Road Maps,,,,,,,,,,,,,,,,,,,,,,,,,,,,,,,,,,,,,,,,,,,,,,,,,,,,,,,,,,,,,,,,,,,,,,,,,,,,,,,,,,,,,,,,,,,,,,,,,,,,,,,,,,,,,,,,,,,,,,,,,,,,,,,,,,,,,,,,,,,,,,,,,,,,,,,,,,,,,,,,,,,,,,,,,,,,,,,,,,,,,,91215,,1951,,https://rosap.ntl.bts.gov/view/dot/75532,,,Texas,Texas. Highway Department,"State Road Maps,Texas Road Maps","Texas Official Highway Travel Map [January 1\, 1951]",The attached digital files are the property of the Texas Department of Transportation. The files are being provided to you for your personal use.  Any commercial use of such files requires written permission from the Texas Department of Transportation.,,,"Scale: 1 inch equals 30 miles.,This map was made accessible to the extent possible at the time of digitization. Contact fhwalibrary@dot.gov if you require further remediation to access this map.",Texas: Official Travel Map,urn:sha256:44d96e95ee3cb062630a32dd130505ab6e708505a3dea9337fc44d86dc81a707,,,,,,,,,,,,,,,,,,,,,
dot:75534,,,"Texas Official Highway Travel Map [January 1\, 1953]",Active,"Texas Official Highway Travel Map [January 1\, 1953]",English,"Maps,Visual presentations,Routes,Counties,Cities,Highway travel",2025-01-21T16:38:57.680Z,State Road Maps,English,"Texas Official Highway Travel Map [January 1, 1953]",,"Maps,Visual presentations,Routes,Counties,Cities,Highway travel",Texas. Highway Department,true,"1953-01-01; \,",,1953-01-01,PDF,,,Texas,,2024-07-08T14:27:39.124Z,,Map,,Texas. Highway Department,application/pdf,HwyMap_TX_1953_0419.pdf,208726842,urn:sha-512:628e71918a1c0afd197ad680e8266ae88285176b8543e9e7ed996a17ecbed9f2547a80b5c1d935a4b3de1ed399e05e01c1889c59569809104acb521472b5a599,1953,,dot:73449,,,,"dot:75518,dot:75519,dot:75520,dot:75521,dot:75522,dot:75523,dot:75524,dot:75525,dot:75526,dot:75527,dot:75528,dot:75529,dot:75530,dot:75531,dot:75532,dot:75533,dot:75535,dot:75536,dot:75537,dot:75538,dot:75539,dot:75540,dot:75541,dot:75542,dot:75543,dot:75544,dot:75546,dot:75547,dot:75548,dot:75549,dot:75550,dot:75551,dot:75552,dot:75553,dot:75554,dot:75555,dot:75556",,1895,,,,,,Texas. Highway Department,PDF,Map,,,https://ntlrepository.blob.core.windows.net/lib/91000/91200/91217/HwyMap_TX_1953_0419.pdf,,,,Official Highway Travel Map,"Scale: 1 inch equals 30 miles.,This map was made accessible to the extent possible at the time of digitization. Contact fhwalibrary@dot.gov if you require further remediation to access this map.",,,,,,,,,,,,,,,,,,,,,,,,The attached digital files are the property of the Texas Department of Transportation. The files are being provided to you for your personal use. Any commercial use of such files requires written permission from the Texas Department of Transportation.,Texas Road Maps,,,,,,,,,,,,,,,,,,,,,,,,,,,,,,,,,,,,,,,,,,,,,,,,,,,,,,,,,,,,,,,,,,,,,,,,,,,,,,,,,,,,,,,,,,,,,,,,,,,,,,,,,,,,,,,,,,,,,,,,,,,,,,,,,,,,,,,,,,,,,,,,,,,,,,,,,,,,,,,,,,,,,,,,,,,,,,,,,,,,,,91217,,1953,,https://rosap.ntl.bts.gov/view/dot/75534,,,Texas,Texas. Highway Department,"State Road Maps,Texas Road Maps","Texas Official Highway Travel Map [January 1\, 1953]",The attached digital files are the property of the Texas Department of Transportation. The files are being provided to you for your personal use.  Any commercial use of such files requires written permission from the Texas Department of Transportation.,,,"Scale: 1 inch equals 30 miles.,This map was made accessible to the extent possible at the time of digitization. Contact fhwalibrary@dot.gov if you require further remediation to access this map.",Official Highway Travel Map,urn:sha256:d9f703b895e647158a10d13a6aa1d86ada50f66bdcf0063eb87a9055f73639d7,,,,,,,,,,,,,,,,,,,,,
dot:75539,,,"Texas Official Highway Travel Map [March 1\, 1955]",Active,"Texas Official Highway Travel Map [March 1\, 1955]",English,"Maps,Visual presentations,Routes,Counties,Cities,Highway travel",2025-01-21T16:38:58.836Z,State Road Maps,English,"Texas Official Highway Travel Map [March 1, 1955]",,"Maps,Visual presentations,Routes,Counties,Cities,Highway travel",Texas. Highway Department,true,"1955-03-01; \,",,1955-03-01,PDF,,,Texas,,2024-07-08T14:31:19.791Z,,Map,,Texas. Highway Department,application/pdf,HwyMap_TX_1955_0420.pdf,220641148,urn:sha-512:a1201219efd8cf970f6fdbd7b09455350fa58d04561787f63e40261f01c41f75375654d97cf82a0ed8e511d63d04083fd8faa497fdfd1bbb4018078aaa7f2673,1955,,dot:73449,,,,"dot:75518,dot:75519,dot:75520,dot:75521,dot:75522,dot:75523,dot:75524,dot:75525,dot:75526,dot:75527,dot:75528,dot:75529,dot:75530,dot:75531,dot:75532,dot:75533,dot:75534,dot:75535,dot:75536,dot:75537,dot:75538,dot:75540,dot:75541,dot:75542,dot:75543,dot:75544,dot:75546,dot:75547,dot:75548,dot:75549,dot:75550,dot:75551,dot:75552,dot:75553,dot:75554,dot:75555,dot:75556",,1895,,,,,,Texas. Highway Department,PDF,Map,,,https://ntlrepository.blob.core.windows.net/lib/91000/91200/91219/HwyMap_TX_1955_0420.pdf,,,,"Official Texas Highway Travel Map,Official Travel Map","Scale: 1 inch equals 30 miles. Contains short Excerpt on geographic facts about Texas titled ""Texas Says Howdy."",This map was made accessible to the extent possible at the time of digitization. Contact fhwalibrary@dot.gov if you require further remediation to access this map.",,,,,,,,,,,,,,,,,,,,,,,,The attached digital files are the property of the Texas Department of Transportation. The files are being provided to you for your personal use. Any commercial use of such files requires written permission from the Texas Department of Transportation.,Texas Road Maps,,,,,,,,,,,,,,,,,,,,,,,,,,,,,,,,,,,,,,,,,,,,,,,,,,,,,,,,,,,,,,,,,,,,,,,,,,,,,,,,,,,,,,,,,,,,,,,,,,,,,,,,,,,,,,,,,,,,,,,,,,,,,,,,,,,,,,,,,,,,,,,,,,,,,,,,,,,,,,,,,,,,,,,,,,,,,,,,,,,,,,91219,,1955,,https://rosap.ntl.bts.gov/view/dot/75539,,,Texas,Texas. Highway Department,"State Road Maps,Texas Road Maps","Texas Official Highway Travel Map [March 1\, 1955]",The attached digital files are the property of the Texas Department of Transportation. The files are being provided to you for your personal use.  Any commercial use of such files requires written permission from the Texas Department of Transportation.,,,"Scale: 1 inch equals 30 miles.   Contains short Excerpt on geographic facts about Texas titled ""Texas Says Howdy."",This map was made accessible to the extent possible at the time of digitization. Contact fhwalibrary@dot.gov if you require further remediation to access this map.","Official Texas Highway Travel Map,Official Travel Map",urn:sha256:919739472a09d7010d0cb090bd73f5b45b25fc57d135f68e6bf7890b28da2075,,,,,,,,,,,,,,,,,,,,,
